author;created_at;favorite_count;view_count;full_text
Agenzia_ansa;Fri Aug 02 11:15:42 +0000 2024;3;1897;Esodo estivo, ecco tutti i giorni di agosto con traffico da bollino nero. Sabato 3 e 10 i giorni peggiori per le partenze, domenica 18 e 25 per i rientri. #ANSA https://t.co/AFoTTvdqsg
Agenzia_ansa;Fri Aug 02 11:13:04 +0000 2024;4;1788;Esodo estivo: Anas, bollino nero nel primo weekend di agosto. Sospesi fino al 3 settembre 906 cantieri, il 70% del totale. #ANSA https://t.co/4gPt0hxOEL
Agenzia_ansa;Fri Aug 02 11:09:48 +0000 2024;7;2227;Cos√¨ il Dna ripara i danni da raggi Uv e alcol. Si apre la strada a terapie pi√π efficaci contro i tumori. #ANSA  https://t.co/fDYGdnrwKl
Agenzia_ansa;Fri Aug 02 11:07:28 +0000 2024;6;2598;"Meta si scusa per gli errori dell'IA sull'attentato a Trump. ""Dovevamo intervenire prima"". Risposte errate e foto taroccata. #ANSA  https://t.co/JrhOnJrnhI"
Agenzia_ansa;Fri Aug 02 10:54:43 +0000 2024;27;4901;"""Sono profondamente colpita dagli attacchi ingiustificati che sono stati rivolti, in questa giornata di commemorazione, alla sottoscritta e al Governo"", ha detto la premier Meloni nel 44/mo anniversario della strage di Bologna #ANSA https://t.co/BGjeoa1t4Q"
Agenzia_ansa;Fri Aug 02 09:45:17 +0000 2024;19;8790;"DIRETTA | La cerimonia del ventaglio a Montecitorio. Fontana: ""Eccesso decretazione di urgenza, ho scritto a Meloni. Ridurre sarebbe giusto e gradito"". #ANSA https://t.co/e4gPBZf9d3"
Agenzia_ansa;Fri Aug 02 10:36:39 +0000 2024;23;4000;PARIGI 24 | L'Italia √® medaglia d'argento nel canottaggio doppio pesi leggeri. Stefano Oppo e Gabriel Soares hanno chiuso la loro gara secondi, staccati dall'Irlanda, oro, ma allo sprint con la Grecia, bronzo #ANSA https://t.co/tsd4zau7SS
Agenzia_ansa;Fri Aug 02 10:03:25 +0000 2024;13;5038;"""Non mi dimetto, non ho fatto nulla di male"" ha detto il sindaco di Venezia Luigi Brugnaro nel corso del consiglio comunale straordinario, che ha al centro la vicenda dell'inchiesta sulle presunte attivit√† corruttive a Ca' Faretti. #ANSA https://t.co/VPaCldjTTX"
Agenzia_ansa;Fri Aug 02 06:55:36 +0000 2024;79;15718;"La strage di Bologna √® stata ""una strage neofascista, espressione di un disegno eversivo che mirava a colpire lo Stato nella componente pi√π sensibile, i cittadini comuni"". Lo ha detto il ministro Matteo Piantedosi nel 44/o anniversario #ANSA https://t.co/MPONzmpm3y"
Agenzia_ansa;Fri Aug 02 09:46:18 +0000 2024;12;4954;L'autista del van che ieri pomeriggio ha investito e ucciso un turista svizzero in pieno centro di Milano, ferendo anche altre tre persone, √® stato iscritto nel registro degli indagati per omicidio e lesioni stradali. #ANSA https://t.co/3ru1apWFgz
Agenzia_ansa;Fri Aug 02 09:19:42 +0000 2024;49;9216;"Tajani: ""L'Italia √® con il popolo venezuelano, risultati manipolati"". Il ministro degli Esteri: ""Soprattutto nella trasmissione dei dati, secondo osservatori"". #ANSA  https://t.co/eNR4iYFk8Y"
Agenzia_ansa;Fri Aug 02 09:09:12 +0000 2024;5;7084;Da Lauda a Tomba, quando gli atleti si rifiutano di gareggiare. Il Gran Rifiuto, un classico della storia ma anche dello sport. #ANSA https://t.co/VFttmOK8er
Agenzia_ansa;Fri Aug 02 08:56:33 +0000 2024;58;6270;Corrado, 100 anni tra garbo e ironia e torna La Corrida. Il suo programma cult ad ottobre sul Nove con Amadeus. #ANSA  https://t.co/ohYvgsT1yb
Agenzia_ansa;Fri Aug 02 08:55:40 +0000 2024;11;5215;L'Amica Geniale 4 in anteprima mondiale a New York il 20 agosto. I primi due episodi presentati al Moma al Tribeca Film Festival. #ANSA  https://t.co/w9QH4oY00u
Agenzia_ansa;Fri Aug 02 08:52:16 +0000 2024;11;5503;Dante era sui Monti Sibillini quando inizi√≤ la Divina Commedia. L'annuncio viene dalla coppia di autori Rita Monaldi e Francesco Sorti, reduci da una trilogia di oltre duemila pagine sul grande poeta fiorentino #ANSA  https://t.co/5OGw1ziPb8
Agenzia_ansa;Fri Aug 02 08:03:08 +0000 2024;84;16431;"PARIGI 24 | Incontro tra Meloni e Bach. Il numero 1 del Cio: ""Imane Khelif √® una donna, faremo chiarezza. Con la premier siamo d'accordo, definiremo il background scientifico"" #ANSA https://t.co/8E7oD0GjHt"
Agenzia_ansa;Fri Aug 02 05:05:57 +0000 2024;38;13949;Biden e la Harris hanno accolto il giornalista Gershkovich e gli altri due americani tornati sul suolo Usa dopo essere stati liberati dalla Russia in uno storico scambio di prigionieri. #ANSA https://t.co/sgeWXfYBD4
Agenzia_ansa;Fri Aug 02 06:55:36 +0000 2024;79;15718;"La strage di Bologna √® stata ""una strage neofascista, espressione di un disegno eversivo che mirava a colpire lo Stato nella componente pi√π sensibile, i cittadini comuni"". Lo ha detto il ministro Matteo Piantedosi nel 44/o anniversario #ANSA https://t.co/MPONzmpm3y"
Agenzia_ansa;Fri Aug 02 07:38:37 +0000 2024;13;5705;Violenze in carcere, i pm chiedono misure per altri 29 agenti. Ma il gip rigetta e Procura fa istanza d'appello al Riesame. #ANSA  https://t.co/vrSlHZYLGn
Agenzia_ansa;Fri Aug 02 07:35:41 +0000 2024;1;1217;"""I morti, le immagini della Stazione di Bologna devastata, l'attacco feroce alla convivenza degli italiani, hanno impresso un segno indelebile, il 2 agosto 1980, nella identit√† della Repubblica e nella coscienza del popolo italiano"", ha detto il capo dello Stato Sergio Mattarella"
Agenzia_ansa;Fri Aug 02 06:36:44 +0000 2024;12;10426;La Borsa di Tokyo √® crollata oggi sulla scia del calo di Wall Street. Timori per l'economia statunitense e l'aumento dello yen. L'indice Nikkei ha chiuso con un ribasso del 5,81%. E' il secondo maggior calo di un giorno nella sua storia #ANSA https://t.co/Ox8NwU6usH
Agenzia_ansa;Fri Aug 02 07:08:18 +0000 2024;19;7435;"La leader dell'opposizione venezuelana Mar√≠a Corina Machado ha indetto per domani manifestazioni in ""tutte le citt√†"" del Paese, per protestare contro i presunti brogli elettorali commessi dal presidente Nicol√°s Maduro. #ANSA https://t.co/kVgy3R5els"
Agenzia_ansa;Fri Aug 02 06:27:24 +0000 2024;10;10303;Bella Hadid accusata di antisemitismo si scusa per lo spot di Adidas. La scarpa vintage evoca la strage di atleti di Israele a Monaco 72 #ANSA https://t.co/Svp76I43hD
Agenzia_ansa;Fri Aug 02 06:10:13 +0000 2024;22;7934;PARIGI 24 I Gli azzurri in gara oggi, venerd√¨ 2 agosto. C'√® Musetti in semifinale contro Djokovic e Errani-Paolini in quella del doppio femminile #ANSA  https://t.co/cE3Z8PA8kx https://t.co/kbyj4Y1xxv
Agenzia_ansa;Fri Aug 02 06:01:16 +0000 2024;4;7124;"üì£ New Podcast! ""PRIME PAGINE | Maxi scambio di prigionieri tra Usa e Russia, c‚Äô√® anche Gershkovich"" on @Spreaker https://t.co/igLyuDkTSr"
Agenzia_ansa;Fri Aug 02 06:00:00 +0000 2024;24;7146;Stretta di Google sui deepfake, le immagini false create o modificate con l'intelligenza artificiale, un rischio per la corretta informazione e un danno per le persone coinvolte.  #ANSA  https://t.co/2eY4jyklOC
Agenzia_ansa;Fri Aug 02 05:54:07 +0000 2024;18;8195;Ita sospendi i voli da e per Tel Aviv fino al 6 agosto. A causa delle evoluzioni geopolitiche in Medio Oriente. #ANSA https://t.co/9CKW9AeT6I
Agenzia_ansa;Fri Aug 02 05:45:11 +0000 2024;8;7789;Il divertimento dell'estate 2024? Al tramonto tra beach party e hot spot in citt√†. Dal Cava Regia in costiera sorrentina al Praja di Gallipoli i luoghi cult. #ANSA https://t.co/L0mrwQHJsy
Agenzia_ansa;Fri Aug 02 05:30:14 +0000 2024;11;7764;Le mostre del weekend, dagli Egizi a Isabella Ducrot. A Torino il mondo dei bar in foto, dagli anni '30 al Duemila. #ANSA https://t.co/FFppUfFJXN
Agenzia_ansa;Fri Aug 02 05:15:00 +0000 2024;3;8003;Accade Oggi | I principali avvenimenti previsti per la giornata #ANSA https://t.co/sRGjfYvARI
Agenzia_ansa;Fri Aug 02 05:00:01 +0000 2024;17;8344;Buongiorno da #ANSA¬†I Queste le previsioni del tempo per oggi  https://t.co/GrUpajGUAW https://t.co/0Tn0OLsPqp
Agenzia_ansa;Fri Aug 02 03:37:53 +0000 2024;29;10251;MEDIO ORIENTE | La compagnia aerea Ita ha sospeso i voli da e per la citt√† israeliana di Tel Aviv fino al 6 agosto compreso. #ANSA https://t.co/ySV6tF5MSM
Agenzia_ansa;Fri Aug 02 03:15:35 +0000 2024;147;20014;"""Date le prove schiaccianti, √® chiaro agli Usa e al popolo venezuelano"" che il leader dell'opposizione Urrutia ha ottenuto la maggioranza dei voti alle elezioni presidenziali, afferma il segretario di Stato americano Blinken. #ANSA https://t.co/vqDM8kv1vr"
repubblica;Fri Aug 02 11:25:08 +0000 2024;1;77;I ladri di Pok√®mon,¬†il fenomeno dei ragazzini che non resistono e nelle edicole si infilano le figurine nelle mutande: ‚Äú√à¬†anche un danno economico‚Äù https://t.co/zKSUsbX1iD
repubblica;Fri Aug 02 11:04:08 +0000 2024;7;2144;Oppo-Soares, un fotofinish d‚Äôargento, il canottaggio √® ancora sul podio https://t.co/luBPp2pg4t
repubblica;Fri Aug 02 10:43:07 +0000 2024;13;3065;I ‚Äòpirati‚Äô della Sea Shepherd¬†in missione per conto di tonni, ricci, tartarughe e balene: ‚ÄúLa pesca illegale sta distruggendo il mare‚Äù¬† https://t.co/x5EsLstxxC
repubblica;Fri Aug 02 10:32:08 +0000 2024;3;3669;Da 14 anni due leoni di pietra tolgono il sonno alla polizia cinese: ‚ÄúUn milione di yuan a chi ci dir√† dove sono‚Äù https://t.co/MNMiOOTlE3
repubblica;Fri Aug 02 10:21:34 +0000 2024;7;3330;Chi √® e cosa fa Bending Spoons: l‚Äôazienda¬†italiana che fa shopping di tech all‚Äôestero: ‚ÄúUn miliardo di investimenti dal 2023‚Äù https://t.co/CVewCoKCob
repubblica;Fri Aug 02 10:06:16 +0000 2024;3;3195;Inchiesta di Venezia: proteste¬†dei cittadini durante il consiglio Comunale. ‚ÄúFuori Brugnaro dalla laguna‚Äù https://t.co/wrrUPIKt9X
repubblica;Fri Aug 02 10:00:07 +0000 2024;6;3177;Le spie ‚Äúdormienti‚Äù, il miliardario russo, l‚Äôamico di Putin e le scelte di Biden: cos√¨ Usa e Russia hanno lavorato in segreto allo scambio di prigionieri https://t.co/8GeHbMWYQY
repubblica;Fri Aug 02 09:28:06 +0000 2024;3;3745;India: frane nel Kerala, il bilancio sale ad almeno 189 morti https://t.co/uW4jr3PkXa
repubblica;Fri Aug 02 09:22:36 +0000 2024;72;10643;Caso Carini, il presidente del Cio¬†incontra Meloni. Respinti¬†gli attacchi italiani: ‚ÄúKhelif √® donna, faremo chiarezza‚Äù https://t.co/G3ksooGBAc
repubblica;Fri Aug 02 09:12:35 +0000 2024;9;4102;Lolita, la ragazza saudita in fuga da¬†abusi e sevizie, √® scomparsa nel nulla https://t.co/fmDkx9sOiS
repubblica;Fri Aug 02 09:08:10 +0000 2024;5;3676;Esodo vacanze, via al¬†il primo weekend da bollino nero. Come sar√† il traffico su strade e autostrade https://t.co/yaya1403FT
repubblica;Fri Aug 02 08:57:33 +0000 2024;11;3806;Sardegna, manca il sangue negli¬†ospedali: e Avis lancia un¬†appello ai turisti: ‚ÄúAiutateci‚Äù https://t.co/kn9kOBltXH
repubblica;Fri Aug 02 08:43:06 +0000 2024;6;3815;Cos√¨ il fioretto prepara la rivincita a casa delle americane nel 2028.¬†Errigo: ‚ÄúNon √® vero che non siamo cattive‚Äù https://t.co/UgZ802FuKb
repubblica;Fri Aug 02 08:33:04 +0000 2024;6;4132;Ceccon, stage all‚Äôestero per diventare il pi√π grande. La Florida chiama il campione olimpico https://t.co/2a7S3Q4Ns2
repubblica;Fri Aug 02 08:28:06 +0000 2024;2;3955;FdI, propaganda sulle spiagge: torna il cruciverbone. Niente Papeete per Salvini, la Lega si ritrova a Cervia https://t.co/PgBrzcVrkF
repubblica;Fri Aug 02 08:17:10 +0000 2024;7;3940;Treni in ritardo¬†ad agosto, i diritti dei passeggeri coinvolti https://t.co/jPOoxiUqeQ
repubblica;Fri Aug 02 08:12:11 +0000 2024;3;3797;L‚Äôanalista Michael Milshtein:¬†‚ÄúLa risposta dell‚ÄôIran sar√† dura ma calibrata. Meshal? In un certo senso √® simile ad Haniyeh, attento alla politica‚Äù https://t.co/oLUmW9pPZT
repubblica;Fri Aug 02 08:03:33 +0000 2024;3;3669;Energia pi√π affidabile e pulita, l‚Äôintervento dei fondi europei all‚ÄôOspedale San Carlo di Potenza https://t.co/m8ixBmFc4h @EuropaItalia1
repubblica;Fri Aug 02 08:01:39 +0000 2024;0;3987;Calciomercato, Atalanta su Nico Gonzalez e la Fiorentina accelera per Gudmundsson. La Roma corteggia Bellanova https://t.co/6vVakiFYIb
repubblica;Fri Aug 02 07:51:34 +0000 2024;1;3890;Fedez si consola con Doom: 1,3 milioni di utili in pi√π nel 2023 per la sua agenzia di talenti https://t.co/ksozYEpIUG
repubblica;Fri Aug 02 07:41:07 +0000 2024;40;7330;Al Bano duetta con Snoop Dogg¬†sulle tribune del judo (ma niente Inno di Mameli) https://t.co/6MNLikPIDC
repubblica;Fri Aug 02 07:36:03 +0000 2024;21;5433;Morto Massimo Cotto, critico musicale e voce di Virgin Radio https://t.co/ARTMkqt2JM
repubblica;Fri Aug 02 07:31:07 +0000 2024;2;3879;Khaled Meshal sar√† capo di Hamas dopo la morte¬†di Haniyeh. Ecco chi √® il veterano sopravvissuto a un avvelenamento ad Amman https://t.co/XOQ11HK98u
repubblica;Fri Aug 02 07:20:09 +0000 2024;3;4053;Olimpiadi Parigi 2024, le news di oggi: Musetti-Djokovic in semifinale, gli uomini della spada puntano l‚Äôoro. L‚Äôatletica entra nel vivo¬† https://t.co/JLXhs3lykC
repubblica;Fri Aug 02 07:02:07 +0000 2024;2;4364;La corsa per l‚ÄôAI frena Intel: tagliati 15 mila posti. Apple sopra le attese ma rallenta in Cina https://t.co/KtwSBShSIN
repubblica;Fri Aug 02 06:40:05 +0000 2024;28;8238;I commenti di oggi: Un governo senza nobile arte [di Chiara Valerio] #2agosto https://t.co/H4HlL6G63E
repubblica;Fri Aug 02 06:37:36 +0000 2024;3;4551;I commenti di oggi: Se Salvini non √® puntuale [di Francesco Manacorda] #2agosto https://t.co/UBHElNo34p
repubblica;Fri Aug 02 06:37:07 +0000 2024;3;4261;Meteo, weekend con qualche temporale in pi√π, ma il caldo non molla la presa https://t.co/B0x38kTeTz
repubblica;Fri Aug 02 06:35:07 +0000 2024;2;4253;I commenti di oggi: Oltre il ‚Äúponte delle spie‚Äù [di Enrico Franceschini] #2agosto https://t.co/hThqO8NaNd
repubblica;Fri Aug 02 06:31:06 +0000 2024;1;5052;I commenti di oggi: Repubblica e un titolo sbagliato #2agosto https://t.co/qNuNveaAHq
repubblica;Fri Aug 02 05:42:04 +0000 2024;19;6055;I prigionieri liberati accolti da Biden e Harris. Abbracci e commozione:¬†‚ÄúSiamo gli Usa:¬†restituiamo le persone alle loro famiglie‚Äù https://t.co/cRn9oDiHhb
repubblica;Fri Aug 02 05:35:08 +0000 2024;10;7635;La prima pagina di oggi #2august https://t.co/LZaZp2Gm1r üì∞ https://t.co/aRR2iPpfZm
repubblica;Fri Aug 02 01:33:05 +0000 2024;4;7187;Extraprofitti, Meloni ci riprova. Lusso ed energia con le banche https://t.co/w6eGlUyuVi
repubblica;Fri Aug 02 00:48:05 +0000 2024;1;5929;L‚ÄôIran prepara l‚Äôattacco.¬†Nasrallah: ‚ÄúIsraele pianger√†‚Äù https://t.co/AgJIYAsj6q
repubblica;Fri Aug 02 00:43:05 +0000 2024;277;20413;Dai russi a Musk,¬†cos√¨ la bugia della pugile trans¬†√® diventata un caso globale:¬†l‚Äôinternazionale di destra scredita i Giochi https://t.co/Nu0KXRHsts
repubblica;Fri Aug 02 00:38:05 +0000 2024;33;17865;Carini, le lacrime dopo il ritiro: ‚ÄúNon volevano che combattessi, sul ring mi sono arresa da guerriera‚Äù https://t.co/SjAHz1f1wq
repubblica;Fri Aug 02 00:33:04 +0000 2024;317;29335;‚ÄúKhelif √® una sorella‚Äù: l‚ÄôAlgeria difende la sua pugile intersex. A rischio i rapporti diplomatici con l‚ÄôItalia https://t.co/Kt2wjqsGhN
repubblica;Fri Aug 02 00:28:09 +0000 2024;5;5333;Scambio di prigionieri, un punto per Putin. Ma la mediazione turca apre uno spiraglio per la pace in Ucraina https://t.co/UHojt90uaQ
repubblica;Fri Aug 02 00:22:38 +0000 2024;7;5350;De Gennaro e Bellandi, vicini d‚Äôoro: da Roncadelle al trionfo olimpico https://t.co/AmVsSuxZXI
repubblica;Fri Aug 02 00:18:06 +0000 2024;7;6088;Marchand, il mutante delle Olimpiadi:¬†la rana diventa farfalla¬†e rivoluziona il nuoto https://t.co/S5mMLO280l
Corriere;Fri Aug 02 11:20:12 +0000 2024;3;788;Catania, arresti per mafia: gli incontri tra gli affiliati ripresi dagli inquirenti https://t.co/koIJr2aXlq
Corriere;Fri Aug 02 11:14:10 +0000 2024;3;1464;"Kevin Costner: ¬´Il western √® il nostro Shakespeare. ""Horizon""? Ho detto ai miei figli che rischiavo di giocare una parte dell‚Äôeredit√†¬ª https://t.co/tvEhHzzsSp"
Corriere;Fri Aug 02 11:08:10 +0000 2024;6;2014;L'INCONTRO Meloni e il presidente del Cio Bach: ¬´Faremo chiarezza¬ª‚ÄãLa Russa: ¬´Venga in Senato¬ª https://t.co/jprNDX2nCN
Corriere;Fri Aug 02 11:02:16 +0000 2024;4;2955;Kustermann: ¬´No a diagnosi facili, le variazioni sessuali possono avere decine di cause diverse¬ª https://t.co/MQxoYrqyoh
Corriere;Fri Aug 02 10:24:27 +0000 2024;2;3009;Edo e Marti, travel blogger da 270mila follower: ¬´Viaggi low cost e avventure estreme, cos√¨ abbiamo realizzato un sogno¬ª https://t.co/qVUQAvxYlh
Corriere;Fri Aug 02 10:18:28 +0000 2024;7;3159;Kate Middleton a Parigi alle Olimpiadi: l'indiscrezione sui media british. Nuova uscita pubblica al fianco di William https://t.co/SYhlNlS97O
Corriere;Fri Aug 02 10:12:34 +0000 2024;21;11563;Miriana Trevisan: ¬´Sono casta da due anni. Ho ritrovato la fede. Il sesso fine a se stesso non mi va¬ª https://t.co/qewCLeeVzI
Corriere;Fri Aug 02 10:07:10 +0000 2024;5;2849;Corrado: i 100 anni dalla nascita: gli inizi come attore e doppiatore, il soprannome che gli diede Tot√≤, 7 segreti https://t.co/pZcfjXNAzP
Corriere;Fri Aug 02 10:00:58 +0000 2024;8;4220;L'incontro e le polemiche. Perch√© Angela Carini si √® ritirata? | Che cosa significa intersex https://t.co/CGg5joyFmt
Corriere;Fri Aug 02 09:24:23 +0000 2024;5;3629;Le ragazze d'argento all'ultima stoccata: perch√© √® una medaglia agrodolce. Qual √® lo scenario futuro https://t.co/6kROTAp6rO
Corriere;Fri Aug 02 09:19:05 +0000 2024;2;3219;L‚Äôinflazione sale ma tagliare i prezzi si pu√≤: ecco come https://t.co/YWDzuT5JNu
Corriere;Fri Aug 02 09:13:25 +0000 2024;6;3671;Marchand re di Francia: da farfalla a rana nella stessa sera, oro e record. La tecnica dell'ondulazione a delfino https://t.co/fulQd1MVPA
Corriere;Fri Aug 02 09:07:42 +0000 2024;5;3308;Mestre, il consiglio dopo lo scandalo tangenti. Proteste in municipio: ¬´Brugnaro dimettiti¬ª https://t.co/fEj9zaBEPl
Corriere;Fri Aug 02 09:00:32 +0000 2024;23;10812;Jennifer Lopez e la sua borsa da 70 mila dollari, esplode la polemica sui social: ¬´Indossa il mio stipendio annuale¬ª https://t.co/8cnSDm6bup
Corriere;Fri Aug 02 08:24:39 +0000 2024;32;5869;√à morto Massimo Cotto, voce di Virgin Radio. La moglie: ¬´Nessuno ti dimenticher√†¬ª https://t.co/zN7ErgdYw7
Corriere;Fri Aug 02 08:19:27 +0000 2024;18;5842;Piantedosi: ¬´La strage di Bologna fu neofascista. Proteggeremo gli ebrei dagli estremisti¬ª https://t.co/5vMk4TpJRL
Corriere;Fri Aug 02 08:14:08 +0000 2024;7;3546;Dopo il coma e il trapianto torna in ambulatorio: ¬´Lo devo ai miei pazienti¬ª https://t.co/KwoD6FlrsK
Corriere;Fri Aug 02 08:07:25 +0000 2024;2;3456;Gli chef di Milano in trasferta per l'estate: Peck in Versilia, Okabe in Sardegna per Vesta e A‚ÄôRiccione svolta ligure https://t.co/BuIQbtCX0D
Corriere;Fri Aug 02 08:01:55 +0000 2024;6;4074;Le cinque birre pi√π alcoliche del mondo: la prima ha una gradazione del 67,5 per cento https://t.co/uC4nGkeL2N
Corriere;Fri Aug 02 07:22:37 +0000 2024;1;3568;Audi A6 e-tron, ecco il primo modello elettrico Avant e Sportback della Casa tedesca https://t.co/yPn6iF66hE
Corriere;Fri Aug 02 07:17:22 +0000 2024;23;4974;Il bacio con Jasmine dopo l‚Äôoro. Chi √® Alice Bellandi: i gol con i pulcini del Brescia, la bulimia e il sogno judo https://t.co/zI2c8VaB4z
Corriere;Fri Aug 02 07:12:13 +0000 2024;1;3684;Mantenere l‚Äôauto fresca: trucchi e consigli per sopravvivere al caldo durante i viaggi estivi https://t.co/0LrbpPDkVy
Corriere;Fri Aug 02 07:07:02 +0000 2024;38;9169;LE REAZIONI - La Russa: ¬´Aspetto Carini in Senato¬ª. J.K. Rowling: ¬´Ingiustizia¬ª. Meloni: so che non mollerai https://t.co/iFOpYEXTsK
Corriere;Fri Aug 02 07:01:49 +0000 2024;15;8387;Perch√© secondo il Cio √® la federazione italiana che deve dimostrare l'ingiusto vantaggio https://t.co/xBpOiWu9zC
Corriere;Fri Aug 02 06:55:06 +0000 2024;0;3666;Pulizia del viso d‚Äôestate, come eseguirla senza rischi di segni sulla pelle https://t.co/QJZRUymcEH
Corriere;Fri Aug 02 06:39:51 +0000 2024;4;3959;Tecla Insolia, Massimiliano Caiazzo, Nicolas Maupas. I ventenni del cinema italiano https://t.co/4G3DxHiA2A
Corriere;Fri Aug 02 06:10:51 +0000 2024;4;4880;Giochi live: dopo le tre medaglie arriva l'ora dell'atletica. Le olimpiadi in diretta | Gare |Medagliere https://t.co/VqF9gScqoa
Corriere;Fri Aug 02 06:04:59 +0000 2024;5;4703;I prigionieri liberati sono arrivati negli Usa. L'abbraccio fra Biden e Gershkovich Diretta‚ÄãIl giornalista e il Nobel: chi √® stato liberato https://t.co/gR46i6hbHq
Corriere;Fri Aug 02 05:55:19 +0000 2024;0;4523;Conte: ¬´Dal nuovo nomeai mandati, la base pu√≤ decidere tutto. Grillo?Io vado avanti¬ª https://t.co/jUwXTlP2By
Corriere;Fri Aug 02 05:49:34 +0000 2024;2;4615;Assunzioni di nuovi agenti di polizia locale: cercasi cronometrista esperto per le prove degli aspiranti ¬´ghisa¬ª https://t.co/lRqxzXQLsa
Corriere;Fri Aug 02 05:43:45 +0000 2024;8;4814;Il trauma di Tokyo, la rinascita e l'in bocca al lupo di Datome e Melli: cosa c'√® dietro l'oro di De Gennaro https://t.co/5JHD7G9Uqq
Corriere;Fri Aug 02 05:38:04 +0000 2024;7;5328;Vezzali, Di Francisca e le tigri di Jesi: perch√© nel fioretto c'√® il loro marchio dietro all'argento del riscatto https://t.co/IW8mcHbzj7
Corriere;Fri Aug 02 05:23:54 +0000 2024;7;5502;La donna di Babele https://t.co/SfeXrNvEEA
Corriere;Thu Aug 01 22:33:32 +0000 2024;4;6667;Lo scambio Usa-Russia. Pugni e polemiche a Parigi. La morte di Sharon Verzeni https://t.co/XHi0zVqetZ
Corriere;Thu Aug 01 22:15:48 +0000 2024;12;6022;Il ¬´Ponte delle spie¬ª: 60 anni di negoziati e scambi di prigionieri https://t.co/R06GvS541B
Corriere;Thu Aug 01 21:00:54 +0000 2024;12;7608;Meloni dopo una giornata di gare: ¬´Successi meritati dai nostri atleti¬ª https://t.co/FajaC989dF
Corriere;Thu Aug 01 20:44:45 +0000 2024;29;10048;Terremoto in Calabria, alle 21.43 forte scossa di magnitudo 5.0 registrata in provincia di Cosenza https://t.co/UuBLcC4N92
Corriere;Thu Aug 01 20:17:58 +0000 2024;10;7148;Putin accoglie con un mazzo di fiori i prigionieri scambiati con gli Stati Uniti https://t.co/U9yIwRiQ83
Corriere;Thu Aug 01 20:12:29 +0000 2024;8;7125;Martinenghi festeggia il compleanno, Meloni regala il Tricolore https://t.co/Orp1AtRnp5
Corriere;Thu Aug 01 20:07:02 +0000 2024;6;6953;Monte Bianco: il video della frana che ha sfiorato una cordata di alpinisti https://t.co/iWG50QYJdq
fattoquotidiano;Fri Aug 02 11:05:55 +0000 2024;11;1087;Olimpiadi, medaglia d'argento nel canottaggio due di coppia pesi leggeri maschile per Soares-Oppo - Il Fatto Quotidiano https://t.co/enG4G1PuNr https://t.co/h9RVQ8O0Q5
fattoquotidiano;Fri Aug 02 11:00:13 +0000 2024;23;1509;La nuova giunta leghista di Verbania blocca l'intitolazione della scuola secondaria al fondatore di Emergency Gino Strada - Il Fatto Quotidiano https://t.co/FaOHz1uu09 https://t.co/KtxF6G9qxf
fattoquotidiano;Fri Aug 02 10:18:55 +0000 2024;3;2409;Stacca il dito a morsi al passeggero di un treno. Arrestato un lottatore di Mma di 29 anni a Milano - Il Fatto Quotidiano https://t.co/zJcrfd3oLT https://t.co/hLycFSPm4D
fattoquotidiano;Fri Aug 02 10:04:16 +0000 2024;8;1876;Torino, rivolte violente al Minorile, un agente aggredito al Lorusso e Cutugno https://t.co/om5QzzwQ0Y https://t.co/DXOJSxMuGB
fattoquotidiano;Fri Aug 02 09:40:16 +0000 2024;29;5363;"La versione di Angela Carini: ""Il mio ritiro? Nulla di programmato, ma una scelta d'istinto. Mi scuso per non aver salutato Khelif"" - Il Fatto Quotidiano https://t.co/GqwYhmKpUh https://t.co/p2FTVTxXmi"
fattoquotidiano;Fri Aug 02 09:21:34 +0000 2024;7;2016;"Scambio di prigionieri, il colpo di Biden nella campagna elettorale e le accuse di Trump: ""Avete pagato? Io mai. Brutto precedente"" - Il Fatto Quotidiano https://t.co/Xcpzpob9Kl https://t.co/tBG39nKign"
fattoquotidiano;Fri Aug 02 08:50:05 +0000 2024;45;3949;"Caso Khelif-Carini, Meloni incontra il presidente del Cio. Che difende la pugile algerina: ""√à una donna, faremo chiarezza"" - Il Fatto Quotidiano https://t.co/mQ9Oz8OKrt https://t.co/JwYRVBM1Rr"
fattoquotidiano;Fri Aug 02 08:39:58 +0000 2024;6;2161;Gaza, raid notturno di Israele su condominio: quattro morti https://t.co/LlAPCrn2KL https://t.co/sIZtBSD5r4
fattoquotidiano;Fri Aug 02 08:33:19 +0000 2024;0;;"RT @ilfattoblog: ""E‚Äô tempo che qualcosa cambi, a lisciare il pelo alla speculazione immobiliare si vive tutti pi√π male"" @romainquilini  htt‚Ä¶"
fattoquotidiano;Fri Aug 02 08:18:17 +0000 2024;0;1;"RT @ilfattoblog: ""Oggetto del contendere √® l'autodeterminazione di genere: imprescindibile per noi progressisti, un incubo per i conservato‚Ä¶"
fattoquotidiano;Fri Aug 02 08:17:48 +0000 2024;63;2894;"Strage di Bologna, Mattarella: ""Spietata strategia eversiva neofascista attent√≤ alla libert√† degli italiani"". La Russa: ""Desecretare gli atti"" - Il Fatto Quotidiano https://t.co/C8SXXep5lC https://t.co/DWx86DYqPh"
fattoquotidiano;Fri Aug 02 08:00:20 +0000 2024;8;2081;"Caregiver per le persone con disabilit√†, Lombardia reintegra una parte dei fondi. Le associazioni: ""Ma i tagli rimangono"" - Il Fatto Quotidiano https://t.co/3BcAgBiUZA https://t.co/Mol12f2XL1"
fattoquotidiano;Fri Aug 02 07:23:09 +0000 2024;20;2730;"L'anniversario diverso della strage di Bologna: ""Sappiamo la verit√† e abbiamo le prove‚Äù. Dopo 44 anni uno ""squarcio di luce"" sulla bomba alla stazione - Il Fatto Quotidiano https://t.co/qTKyFs0zSn https://t.co/HOZEUT8ImO"
fattoquotidiano;Fri Aug 02 07:01:42 +0000 2024;3;2556;üìÜ ùüî, ùüï ùêû ùüñ ùê¨ùêûùê≠ùê≠ùêûùê¶ùêõùê´ùêû. üéÇ Anche quest'anno torniamo alla Casa del Jazz di Roma per celebrare la nostra annuale Festa.  Tre giorni di incontri, spettacoli e musica assieme ai giornalisti del Fatto Quotidiano e tanti altri ospiti!   #SaveTheDate.¬†#FestaFatto https://t.co/Rkdqz2RgR9
fattoquotidiano;Fri Aug 02 06:58:29 +0000 2024;24;3371;"Famiglie in crisi, anche una cena al fast food diventa ""lusso"" https://t.co/vIQQ81HQuY https://t.co/xlCQWHFohu"
fattoquotidiano;Fri Aug 02 06:52:00 +0000 2024;7;2594;Ieri √® stata una pessima giornata in Borsa per i titoli bancari. A innescare il calo √® il timore che le Banche centrali possano tagliare i tassi a settembre (la Bank of England lo ha fatto ieri). (Di @cdifoggia) https://t.co/q5bUgChDe0
fattoquotidiano;Fri Aug 02 06:51:00 +0000 2024;9;2610;Un grande evento che diventa un salasso, una partecipata in liquidazione e il bilancio federale aggiustato con contributi pubblici. (Di Lorenzo Vendemiale) https://t.co/LPMHIFSsZd
fattoquotidiano;Fri Aug 02 06:50:00 +0000 2024;15;2770;Ecco le tratte coinvolte. Interruzioni, ritardi, bus sostitutivi: sar√† un agosto di fuoco. (Di Nicola Borzi) https://t.co/KAgESWKLWo
fattoquotidiano;Fri Aug 02 06:39:58 +0000 2024;32;3166;Autonomia differenziata, imbarazzi nel governo sulle richieste delle regioni del Nord. I ministri balbettano e Donzelli (FdI) prende tempo - Il Fatto Quotidiano https://t.co/tyOzw5cW4n https://t.co/f9YYnCWN72
fattoquotidiano;Fri Aug 02 06:39:00 +0000 2024;4;2409;Con la fiducia, la maggioranza in Senato ha approvato ieri il decreto Carceri: i s√¨ sono stati 104, 73 no e 1 astenuto. Nessuno spazio di riflessioni approfondite, si vota luned√¨ 5 agosto. (Di Antonella Mascali) https://t.co/raifrpRrpy
fattoquotidiano;Fri Aug 02 06:39:00 +0000 2024;4;2229;"L‚Äôaccordo riguardava anche il Navalny. ""Sfortunatamente √® morto‚Äù ha rivelato commosso in conferenza stampa il consigliere per sicurezza nazionale Jake Sullivan, escludendo poi che lo scambio abbia legami con guerra in Ucraina. https://t.co/AcBIYb6RiT"
fattoquotidiano;Fri Aug 02 06:38:00 +0000 2024;3;2244;La resistenza di Gaza vista da Aqaba, porto giordano in crisi per via del conflitto, ma dove i giovani puntano il dito nella direzione della Striscia. (Di Alessandro Di Battista) https://t.co/qYXPSivSaa
fattoquotidiano;Fri Aug 02 06:35:00 +0000 2024;74;4521;"Bottai: ""Khelif ha vinto solo 4 gare su 40 prima del limite: non √® cos√¨ devastante"". (Di Tommaso Rodano) https://t.co/09ieIKMhXi"
fattoquotidiano;Fri Aug 02 06:32:00 +0000 2024;7;2437;Il tesoro studia la proposta dopo la retromarcia. Obiettivo: trovare fondi entro l‚Äôanno. (Di @cdifoggia e @salvini_giacomo) https://t.co/0zqySBsxdh
fattoquotidiano;Fri Aug 02 06:30:00 +0000 2024;38;3824;Dura solo 46 secondi il match tra l‚Äôazzurra Carini e Khelif, l‚Äôatleta algerina contro cui si √® schierato il governo: ‚Äú√à trans‚Äù (ma non √® vero). (Di Tommaso Rodano) https://t.co/Sbqw9QjydH
fattoquotidiano;Fri Aug 02 06:26:32 +0000 2024;12;2574;Corruzione a Venezia, Brugnaro tiene il 1¬∞ consiglio comunale post-scandalo a Mestre: sede pi√π piccola per evitare troppi spettatori - Il Fatto Quotidiano https://t.co/dDfGiaKElb https://t.co/ATNiIJjpp3
fattoquotidiano;Fri Aug 02 06:22:00 +0000 2024;4;2416;Mega-stand del Mit. Il dicastero organizza ‚Äúesperienze immersive‚Äù per vedere tutte le opere avviate. (Di @Snaporaz92) https://t.co/x7MKEIjLg9
fattoquotidiano;Fri Aug 02 06:05:00 +0000 2024;5;2849;La stima preliminare dell‚Äôinflazione di luglio rilasciata mercoled√¨ dall‚ÄôIstat segnala una leggera ripresa della dinamica dei prezzi: +0,5% sul mese precedente e +1,3% su un anno prima. (Di Marco Palombi) https://t.co/AWqL7C1c6H
fattoquotidiano;Fri Aug 02 05:58:00 +0000 2024;25;2900;L‚Äôassemblea costituente di ottobre comincia a prendere forma, cos√¨ come un sospetto cresce: sar√† la resa dei conti definitiva ‚Äì politica ‚Äì tra Beppe Grillo e Giuseppe Conte. (Di @lucadecarolis) https://t.co/kfsrx7b84u
fattoquotidiano;Fri Aug 02 05:52:00 +0000 2024;16;3069;Boom di ricavi (14,8 miliardi) spinto dal balzo degli utenti e dai rincari, ma la qualit√† dei servizi rimane scarsa. (Di Nicola Borzi) https://t.co/L7SSDRsIy2
fattoquotidiano;Fri Aug 02 05:44:00 +0000 2024;14;3234;Il 5 febbraio 2018 il sindaco di Venezia Luigi Brugnaro se l‚Äôera cavata difendendo se stesso come uomo del fare, aveva respinto l‚Äôaccusa di gestire gli affari pubblici come cosa propria. (Di Giuseppe Pietrobelli) https://t.co/3Et1PIRxrS
fattoquotidiano;Fri Aug 02 05:37:00 +0000 2024;9;3359;L‚Äôesercito √® ‚Äúin stato di massima allerta‚Äù, conferma il portavoce delle forze di difesa israeliane Daniel Hagari. https://t.co/m5qlsgt2Zv
fattoquotidiano;Fri Aug 02 05:35:40 +0000 2024;96;7007;Appena uscito, Toti gi√† briga per il Parlamento.  Leggi Il Fatto Quotidianoüëâhttps://t.co/KEvlBjl1sn https://t.co/kGNGIFDIHO
fattoquotidiano;Fri Aug 02 05:20:00 +0000 2024;48;4044;Ieri la gip di Genova Paola Faggioni ha revocato la misura cautelare di Giovanni Toti perch√© con le dimissioni dalla carica (arrivate lo scorso 26 luglio) si √® ‚Äúsensibilmente affievolito‚Äù il rischio di reiterazione del reato. (Di Paolo Frosina) https://t.co/qohci77XwR
fattoquotidiano;Thu Aug 01 20:41:47 +0000 2024;35;7071;Calabria, scossa di terremoto di magnitudo 5.0 in provincia di Cosenza - Il Fatto Quotidiano https://t.co/MJuXfTuNjz https://t.co/0HmOVCTz1G
fattoquotidiano;Thu Aug 01 17:46:29 +0000 2024;9;5397;"Berlino accusa Pechino per un attacco informatico del 2021 e avverte: ""Desistere da aggressioni alla nostra sovranit√†"" - Il Fatto Quotidiano https://t.co/k9kLXOUlKw https://t.co/Hh89xYvBwA"
fattoquotidiano;Thu Aug 01 17:01:30 +0000 2024;13;3684;"L'ex boss della Mala del Brenta Felice Maniero vuole una nuova identit√†: ""Il vecchio alias ormai √® noto a tutti, temo di essere ucciso"" - Il Fatto Quotidiano https://t.co/Iai4qxfp81 https://t.co/OD1CcimG7b"
fattoquotidiano;Thu Aug 01 16:44:35 +0000 2024;12;3764;Furgone investe quattro persone a Milano: un uomo in gravi condizioni. Ipotesi malore per il conducente - Il Fatto Quotidiano https://t.co/uD7GvnuILa https://t.co/hxaQee6JDb
fattoquotidiano;Thu Aug 01 16:33:11 +0000 2024;5;3466;"Sabato 7 settembre, ore 21:30 | Casa Del Jazz, Roma ùêÑùê•ùê¢ùê® ùêû ùê•ùêû ùêíùê≠ùê®ùê´ùê¢ùêû ùê≠ùêûùê¨ùêû in ""Mi resta solo un dente e cerco di 'riavvitarlo'"".  ACQUISTA ORA IL TUO BIGLETTO SU I-TICKET üëâ https://t.co/WcutXdPoYg https://t.co/KNy1ed69Hc"
fattoquotidiano;Thu Aug 01 15:39:12 +0000 2024;35;8610;"Toti, le prime dichiarazioni ai giornalisti dopo la revoca dei domiciliari: ""Messa in discussione l'autonomia della politica"" - Il Fatto Quotidiano https://t.co/FXkwKToVCM https://t.co/3WSv75YyAu"
libero_it;Fri Aug 02 09:34:13 +0000 2024;1;40;A Giovanni Toti √® stata notificata la revoca dei¬†domiciliari dopo l'accusa per corruzione e l'arresto dello scorso 7 maggio. Il suo sfogo in un'intervista https://t.co/DkgxVYZXJk
libero_it;Fri Aug 02 07:19:15 +0000 2024;0;62;Il Comitato olimpico internazionale difende Imane Khelif dopo l'incontro con Angela Carini e le polemiche seguite https://t.co/utLcJ8L7ng
libero_it;Thu Aug 01 16:00:01 +0000 2024;0;65;Tutte le informazioni utili per scovare queste splendide spiagge nascoste, quasi inaccessibili, poco conosciute dai turisti ma decisamente meritevoli https://t.co/nLhfA9JA5x
libero_it;Thu Aug 01 15:18:47 +0000 2024;0;223;Diretta Olimpiadi: appuntamento alle 20.30 con la finale del fioretto contro le statunitensi. Tennis, missione compiuta. Musetti in semifinale: 7-5 7-5 ai danni di Zverev. Affronter√† il vincente tra Djokovic e Tsitsipas. https://t.co/vgVkiSYN2w
libero_it;Thu Aug 01 15:00:00 +0000 2024;0;51;Hai gi√† scoperto la sezione ‚Äúricondizionati‚Äù su Libero Club? üì≤  Qui puoi trovare smartphone, tablet e computer a prezzi pi√π bassi rispetto al normale prezzo di vendita, perfettamente funzionanti e con prestazioni pari al nuovo. https://t.co/m2bgOkP6dU
libero_it;Thu Aug 01 13:15:00 +0000 2024;0;54;Tutte le scadenze fiscali di agosto 2024: ecco le date da conoscere e i pagamenti da ricordare https://t.co/MzanPP5AM5
libero_it;Thu Aug 01 12:57:47 +0000 2024;0;94;"Angela Carini prova a spegnere subito le polemiche: ‚ÄúNon me la sono sentita di continuare dopo il primo minuto. Ho accusato un forte dolore al naso. Non √® da me arrendermi ma non riuscivo a continuare e ho detto basta"" https://t.co/khnNcFQ1aF"
libero_it;Thu Aug 01 09:57:17 +0000 2024;0;67;Giovanni Toti, dopo 86 giorni, √® libero di uscire di casa: era agli arresti domiciliari dallo scorso 7 maggio, perch√© accusato di corruzione https://t.co/UXLPUjo3yp
libero_it;Thu Aug 01 08:59:21 +0000 2024;0;55;Un insegnante di sostegno di una scuola di Livorno √® stato arrestato con l'accusa di abusi sessuali su una alunna minorenne disabile https://t.co/v7owcbOEde
libero_it;Thu Aug 01 07:35:07 +0000 2024;0;55;Un incendio divampato nei pressi della sede Rai di Roma ha causato la sospensione di ‚ÄúEstate in diretta‚Äù, l‚Äôannuncio sui social di Nunzia De Girolamo https://t.co/1xVEjUq461
libero_it;Wed Jul 31 15:33:24 +0000 2024;0;63;Un residente 55enne di Agna, comune veneto in provincia di Padova, contagiato dal virus West Nile https://t.co/MvM7YfKiMR
libero_it;Wed Jul 31 14:19:33 +0000 2024;0;61;Morto a 86 anni Roberto Herlitzka, uno dei pi√π grandi attori cinematografici e teatrali italiani: ha lavorato con Wertm√ºller, Sorrentino e Bellocchio https://t.co/yDOBygNOi9
libero_it;Wed Jul 31 12:53:43 +0000 2024;0;56;Lo chef Pavel Marc √® morto a Trieste: era andato in arresto cardiaco per shock anafilattico dopo la puntura di una vespa https://t.co/NaibG7z8pC
libero_it;Wed Jul 31 10:44:58 +0000 2024;0;62;Quattro di coppia: ARGENTO! https://t.co/E8wFHqHQsN
libero_it;Wed Jul 31 09:47:47 +0000 2024;1;60;Mara Venier, dopo l'operazione all'occhio, ha condiviso una foto su Instagram con amici cari, tra cui il regista Ferzan Ozpetek https://t.co/jPZp4GekE9
libero_it;Wed Jul 31 08:39:49 +0000 2024;0;107;‚ÄúGli autori non vengono pagati per occuparsi di Meloni. La Rai, negli ultimi anni, non eccelle per i suoi programmi e la colpa non √® certamente del governo‚Äù. Nuova stoccata alla Rai, questa volta da parte di Gianni Minoli, ideatore di diversi format. https://t.co/HGI3BeFLfk
libero_it;Wed Jul 31 07:17:05 +0000 2024;0;82;L‚ÄôItalia della scherma rompe la maledizione del ‚Äúminuto supplementare‚Äù e conquista l‚Äôoro grazie alla prova a squadre femminile: Santuccio, Rizzi, Fiamingo e Navarria riducono in silenzio un rumorosissimo Grand Palais https://t.co/cltJGtu91s
libero_it;Tue Jul 30 15:01:30 +0000 2024;0;98;Rinviata la gara di triathlon alle Olimpiadi di Parigi 2024, la Senna ancora troppo inquinata https://t.co/s8ZL1cCzhv
libero_it;Tue Jul 30 13:44:24 +0000 2024;0;94;La stella del futsal azzurro Gianluca Salvetti √® morto in un incidente stradale in Brasile dove si trovava con il padre Rafael, anche lui deceduto https://t.co/9h8WcJOZv2
libero_it;Tue Jul 30 12:11:25 +0000 2024;0;106;"Le novit√† della nuova edizione di ""Domenica In"": cosa sappiamo sulla stagione in partenza a settembre con Mara Venier https://t.co/XT2WTiq6yS"
libero_it;Tue Jul 30 09:06:02 +0000 2024;0;75;Un uomo di 45 anni √® stato arrestato con l'accusa di aver aggredito l'ex collega a Napoli e di avergli staccato l'orecchio a morsi https://t.co/rKbey5kI8i
libero_it;Tue Jul 30 07:21:59 +0000 2024;0;136;"Stefano De Martino √® il nuovo conduttore di ""Affari Tuoi"" dopo l'addio di Amadeus alla Rai. E ora lo cita nel suo primo spot https://t.co/TBotDkk0xV"
libero_it;Mon Jul 29 14:58:24 +0000 2024;0;108;Dagospia ha annunciato con largo anticipo i nomi dei primi quattro concorrenti pronti a partecipare alla prossima edizione del Grande Fratello di Alfonso Signorini https://t.co/Acdbku8KI7
libero_it;Mon Jul 29 12:02:13 +0000 2024;1;77;Il primo caso di West Nile a Treviso non sarebbe d'importazione, come affermato dal direttore dell'Usl: allerta in Veneto sul virus trasmesso dalla zanzara https://t.co/4qfYqghHR1
libero_it;Mon Jul 29 10:05:13 +0000 2024;0;306;Il telecronista Bob Ballard √® stato rimosso dalla squadra di Eurosport alle Olimpiadi Parigi 2024 per una battuta sessista sulle nuotatrici australiane https://t.co/dGJB4MXxaN
libero_it;Mon Jul 29 08:28:27 +0000 2024;1;84;Con una crescita del ben 45,2% sull'anno precedente, √® la nostra magnifica Roma ad essere la prima citt√† turistica in Europa: un risultato importantissimo https://t.co/DqWRDaE1aF
libero_it;Mon Jul 29 06:50:13 +0000 2024;0;104;Il noto conduttore ha spiegato di voler cambiare alcune cose, ma le novit√† pi√π consistenti richiederanno del tempo https://t.co/VmpQOaxPpM
libero_it;Sun Jul 28 16:32:00 +0000 2024;1;98;Situata nella localit√† di Porto Azzurro, La Rossa si distingue dalle altre spiagge italiane mettendo a disposizione ombrelloni e lettini gratuiti https://t.co/TjidWBTPMi
libero_it;Sun Jul 28 12:00:01 +0000 2024;1;97;I luoghi pi√π belli da non perdere di questa nuova edizione francese dei giochi atletici pi√π famosi al mondo https://t.co/XU582BDRI7
libero_it;Sun Jul 28 07:30:00 +0000 2024;2;98;Alle radici del suo corso, in Lunigiana, questo fiume offre un catalogo inestimabile di luoghi incontaminati, selvaggi e magnifici https://t.co/RTEo6mHLx8
libero_it;Sat Jul 27 16:29:00 +0000 2024;1;145;Le Olimpiadi di Parigi 2024 hanno gi√† superato il budget iniziale di 6,8 miliardi, raggiungendo circa 8,8 miliardi di euro. Si prevede una spesa finale di 11,8 miliardi https://t.co/0zWA5h7PZ2
libero_it;Sat Jul 27 13:27:00 +0000 2024;1;82;Tutta la versatilit√† della farina di ceci per preparare ricette vegetariane e vegane sia salate che dolci https://t.co/1fjvQ8HVEn
libero_it;Sat Jul 27 09:25:00 +0000 2024;0;87;L‚Äôaffascinante Castello di Gabiano √® tra i pi√π antichi e i pi√π vasti del Monferrato, tanto da essere persino citato dalle fonti gi√† nell‚ÄôVIII secolo https://t.co/QbTqPeLMdC
libero_it;Fri Jul 26 16:45:00 +0000 2024;0;85;Gli appuntamenti pi√π interessanti del fine settimana che va dal 27 al 28 luglio. Scopriamoli insieme! https://t.co/wVrus7GvEr
libero_it;Fri Jul 26 15:00:00 +0000 2024;0;73;Come sostituire il pane? Cracker e grissini sono altrettanto salutari? I consigli per fare le scelte giuste. https://t.co/ksE3pHmuqP
libero_it;Fri Jul 26 13:30:00 +0000 2024;0;78;I pannelli fotovoltaici sulle ringhiere sono un'ottima soluzione alla carenza di spazio, specie nei contesti condominiali: vediamo caratteristiche e vantaggi https://t.co/BoBv4FBfa0
libero_it;Fri Jul 26 12:00:00 +0000 2024;1;74;Un viaggio tra le citt√† italiane che grazie ai fiumi che le attraversano, meritano assolutamente una visita, tra storia, arte e panorami d'Italia mozzafiato. https://t.co/5FICciQUw1
libero_it;Fri Jul 26 10:30:00 +0000 2024;0;59;L‚Äôex presidente era agli arresti domiciliari dal 7 maggio scorso https://t.co/5Ae5bT8syH
libero_it;Fri Jul 26 09:15:06 +0000 2024;0;73;La West Nile torna a fare paura in Italia dopo la prima morte registrata nel 2024: ecco tutti i sintomi a cui prestare attenzione https://t.co/8RPROS1rpo
libero_it;Fri Jul 26 07:05:06 +0000 2024;1;90;"Lo specchio autografato da Pistoletto in diretta tv durante una puntata di ""Oggi √® un altro giorno..."" si trova a casa della conduttrice Serena Bortone. Il caso in Rai  https://t.co/SpcRJuEtpH"
LaVeritaWeb;Fri Aug 02 10:51:45 +0000 2024;10;753;L‚Äôex governatore della Liguria √® stato scarcerato e ha gi√† incontrato il suoi fedelissimi in vista delle Regionali. Aldo Spinelli resta ai domiciliari, inutile lo scudo della nomina di Ermini al vertice della sua holding.  di @amendolaraf https://t.co/jBpMQsQ3bJ
LaVeritaWeb;Fri Aug 02 09:50:52 +0000 2024;96;1593;Il presidente turco mantiene la promessa e telefona al Pontefice, esprimendo ¬´indignazione¬ª per la baracconata alle Macroniadi. Anche l‚Äôayatollah Khamenei aveva criticato il turpe show. Il Vaticano tace.   di @FrancescoBonaz2  https://t.co/1FaN95kmq8
LaVeritaWeb;Fri Aug 02 08:00:44 +0000 2024;127;3306;"Per Boldrini e &amp; C. Khelif deve sfidare le femmine poich√© i documenti attestano che lo √® lui stesso. Ma l‚Äôatleta √® usato pure per sostenere che i sessi sono fluidi. Invece, la vicenda dimostra proprio che le differenze esistono.  di @franborgonovo https://t.co/rbJbnlH8ft"
LaVeritaWeb;Fri Aug 02 07:42:36 +0000 2024;663;10212;Il dottor Mariano Bizzarri smentisce le balle sul sesso dell‚Äôalgerino: ¬´I cromosomi non mentono¬ª.  di @patfreitter https://t.co/ic08FMzyFg
LaVeritaWeb;Fri Aug 02 07:30:44 +0000 2024;11;1606;Trionfi in judo e canoa. La campionessa molla la marcia: ¬´Non so che sia successo¬ª. https://t.co/iEONbfwZX2
LaVeritaWeb;Fri Aug 02 07:17:27 +0000 2024;5;1456;"Il #podcast ""Segreti"" ospita Marco Maculotti, esperto in questioni esoteriche, discute approfonditamente l'importanza e l'influenza dell'esoterismo nella storia e nella cultura contemporanea.  di @franborgonovo https://t.co/2cnIfrt6GB"
LaVeritaWeb;Fri Aug 02 06:47:37 +0000 2024;4;1473;Ecco #EdicolaVerit√†, la rassegna stampa #podcast del 2 agosto con @petunianelsole https://t.co/XkjvFbx5dZ
LaVeritaWeb;Fri Aug 02 06:30:54 +0000 2024;8;2082;Il taiwanese se la vedr√† con l‚Äôuzbeka Sitora ‚ÄãTurdibekova. Imane Khelif‚Äã sfida la magiara Anna Luca Hamori‚Äã.   https://t.co/nPLxi4yWxq
LaVeritaWeb;Fri Aug 02 06:15:53 +0000 2024;576;9060;Coro di proteste per la telecronaca di Davide Novelli e Francesco Damiani, piena di commenti supponenti e giudizi sommari.  di @MCaverzan https://t.co/oyVdRhByF2
LaVeritaWeb;Fri Aug 02 06:10:36 +0000 2024;186;4471;La pugile italiana abbandona l‚Äôincontro con l‚Äôalgerino Khelif al primo, violentissimo colpo. Come volevasi dimostrare, chi ha la struttura fisica di un uomo, picchia come un uomo. E una valente atleta ne fa le spese.  di @gandolag https://t.co/IHrPNOUWUB
LaVeritaWeb;Fri Aug 02 06:00:45 +0000 2024;184;3884;Solidariet√† globale alla pugile italiana. Il premier la rincuora: ¬´Gara ad armi impari¬ª. Boldrini invece attacca: ¬´Colpa della destra. Poteva vincere se non si ritirava¬ª.  di @FlamiCami https://t.co/ESCMX7BFWn
LaVeritaWeb;Fri Aug 02 05:53:43 +0000 2024;30;2101;Convocate al ministero le compagnie aeree e ferroviarie. I ritardi programmati dell‚ÄôAlta velocit√† per i cantieri rendono ancora pi√π difficile una situazione gi√† critica visti i disservizi nei cieli: puntualit√† scesa del 49%. https://t.co/ZpwC3ZXINE
LaVeritaWeb;Fri Aug 02 05:30:14 +0000 2024;44;2474;Edicola Verit√† https://t.co/YPUL4HEhvq
LaVeritaWeb;Fri Aug 02 05:00:57 +0000 2024;158;4936;Angela Carini abbandona il match olimpico dopo appena 46 secondi (¬´Colpi troppo forti, rischiavo danni seri¬ª) e fa esplodere il caso dell‚Äôalgerino che combatte tra le femmine.   L'editoriale di @Belpietrotweet https://t.co/XYmoYrxPMQ
LaVeritaWeb;Fri Aug 02 05:00:00 +0000 2024;125;3175;#LaVerit√†dioggi  Perde l‚Äôitaliana, vince la realt√†  üì∑ Tutte le ombre su Pignatone mollato da politici e cronisti  üì∑ Lotta agli occupatori di case Fuorilegge la cannabis light üì∑ Lepore tradisce anche i compagni. √à resa agli ambientalisti violenti  https://t.co/ywWcjUyI2o https://t.co/F7UjurFGwG
LaVeritaWeb;Thu Aug 01 18:05:50 +0000 2024;5;1905;Da inizio anno le azioni del Vecchio continente sono cresciute in media del 9%, contro il 16% di quelle Usa. Pesano la crisi dell‚Äôauto provocata dal Green deal e quella del lusso. Bene invece banche, tech e farmaci.  di @gianlucabaldini https://t.co/H3knU8jboJ
LaVeritaWeb;Thu Aug 01 17:17:15 +0000 2024;6;1865;Pubblicata per la prima volta nella nostra lingua l‚Äôopera su amore e denaro andata in scena a Parigi nel 1931, con un cast stellare e qualche critica del pubblico ai dialoghi.  di @adrianoscianca https://t.co/QKniMcnybG
LaVeritaWeb;Thu Aug 01 17:05:59 +0000 2024;9;1863;Pronto il ricorso contro la sentenza del Tribunale dell‚ÄôUe, che aveva respinto una richiesta di risarcimento da 880 milioni. In precedenza, la stessa Corte aveva giudicato nullo il commissariamento della banca ordinato dalla Vigilanza.  di @petunianelsole https://t.co/TzGmkZVvdR
LaVeritaWeb;Thu Aug 01 16:05:36 +0000 2024;13;1983;Carroccio all‚Äôattacco per l‚Äôaccelerata del ministro: ¬´La maggioranza si √® impegnata a far modificare le norme¬ª. Ulteriore spaccatura dopo quelle sul bis di Ursula, i vaccini e il nuovo Codice della strada.  di @laudellapasqua https://t.co/hDKbzG6Rei
LaVeritaWeb;Thu Aug 01 15:35:45 +0000 2024;16;1999;Non si placano le proteste in Venezuela per la rielezione di Nicolas Maduro, che invece riceve l'appoggio di Russia, Cina e Iran. Possibile impatto sulle elezioni americane.  di @stegraziosi https://t.co/zDBIE7Q4Fi
LaVeritaWeb;Thu Aug 01 15:05:45 +0000 2024;31;2022;Grazie alle miopi politiche del leader dem, gli ayatollah hanno rialzato la testa e seminano caos in tutto il Medio Oriente. Anche gli appelli di Washington per un cessate il fuoco a Gaza sono restati lettera morta.  di @stegraziosi https://t.co/oF5ukokiCy
LaVeritaWeb;Thu Aug 01 14:05:46 +0000 2024;22;2235;Un missile centra l‚Äôappartamento che ospitava il terrorista. Khamenei promette vendetta: ¬´L‚Äôattacco non sar√† impunito¬ª.  di @FlamiCami https://t.co/vClylIppG8
LaVeritaWeb;Thu Aug 01 13:01:11 +0000 2024;97;2780;Alla faccia della destra che occupa tutti i gangli delle istituzioni, il ministero di Orazio Schillaci ha appena affidato un incarico a Giuseppe Gambale, gi√† sottosegretario con Massimo D‚ÄôAlema.   di @RicoAlessandro https://t.co/OcIX3Qt4aw
LaVeritaWeb;Thu Aug 01 12:01:03 +0000 2024;27;2593;Il direttore dell‚ÄôAgenzia delle dogane e dei monopoli Roberto Alesse: ¬´I cervelli lasciano la Pa per aziende private: chi serve lo Stato non pu√≤ avere retribuzioni irrisorie e sempre uguali. Il tema va affrontato senza fare demagogia¬ª.  di @sitkaclaudio https://t.co/RGlBFGexm7
LaVeritaWeb;Thu Aug 01 10:00:39 +0000 2024;459;8301;Le (poche) attiviste che non hanno paura di esporsi parlano di un episodio ¬´aberrante¬ª e ¬´criminale¬ª, che trasforma anni di lotta per ribadire le differenze di genere in un carosello della falsa inclusione.  https://t.co/apfanqcsQn
LaVeritaWeb;Thu Aug 01 09:30:49 +0000 2024;706;11028;Il ministro Eugenia Roccella: ¬´C‚Äô√® una questione fisiologica, genetica, che l‚Äôanagrafe non pu√≤ eliminare. Questo combattimento svela l‚Äôipocrisia di chi parla di diritti delle donne: la fluidit√† in realt√† √® contro di esse¬ª.   L'intervista di @franborgonovo https://t.co/ASKvVQh3zR
LaVeritaWeb;Thu Aug 01 09:20:49 +0000 2024;45;2105;Le tecniche di transizione sono operazioni di cosmesi che fanno a pugni con la biologia.  https://t.co/dIKIv9Gxhe
LaVeritaWeb;Thu Aug 01 09:13:34 +0000 2024;130;5195;Oggi la Carini sar√† sul ring a suo rischio e pericolo, il Cio: ¬´Basta caccia alle streghe, sui documenti Khelif √® donna¬ª. Il Coni annuisce senza fiatare. E Gaynet d√† la linea: ¬´C‚Äô√® una carriera alle spalle nello sport femminile¬ª.  https://t.co/w0oSvtpmZY
LaVeritaWeb;Thu Aug 01 07:15:44 +0000 2024;14;2209;Il baritono @LucaSalsi75  ci porta con s√© sui palchi d‚Äôopera di tutto il mondo, svelandoci i colpi di genio nascosti nei manoscritti di Verdi e il suono ¬´sfacciato¬ª da sfoderare in Puccini. Senza mai scordare i consigli del maestro Meliciani. @CarloMelato  https://t.co/JEtMD3ZZNd
LaVeritaWeb;Thu Aug 01 06:48:45 +0000 2024;7;2026;Ecco #EdicolaVerit√†, la rassegna stampa #podcast del 1¬∞ agosto con @petunianelsole https://t.co/7P9UIOxOE5
LaVeritaWeb;Thu Aug 01 06:40:46 +0000 2024;66;3150;Auto incenerite, esplosioni e palazzi evacuati. Sospesi pure i lavori alla sede Rai. Roberto Gualtieri ammette: colpa degli abusivi. https://t.co/hTauncvVDS
LaVeritaWeb;Thu Aug 01 06:30:54 +0000 2024;260;44353;Lo specialista in medicina dello sport, Alessandro Rosponi: ¬´Mancano dati che confermino che il cambio di sesso riduca le prestazioni di forza. Per la nostra pugile c‚Äô√® anche l‚Äôeffetto paura¬ª.  di @madforfree https://t.co/EtrrYadWab
LaVeritaWeb;Thu Aug 01 06:20:46 +0000 2024;183;4913;Per l‚Äôex presidente della Camera i diritti della nostra atleta non contano: ¬´Polemica nata dall‚Äôodio¬ª. Ignazio La Russa: ¬´√à scorretto tifare per l‚Äôazzurra?¬ª. Centrodestra compatto.  di @matteolorenzi_ https://t.co/IhJXrLNcKO
LaVeritaWeb;Thu Aug 01 06:15:50 +0000 2024;76;3069;L‚Äôex vice del Csm dice addio, tra gli imbarazzi, ai dem: ¬´Amareggiato dalle strumentalizzazioni¬ª. Ha scelto la presidenza della holding di Aldo Spinelli e il suo stipendio da nababbo. Verso la revoca dei domiciliari per Giovanni Toti.  di @amendolaraf https://t.co/3VzaqJbJQf
LaVeritaWeb;Thu Aug 01 06:10:46 +0000 2024;49;2571;Ieri mattina Giuseppe Pignatone, per 30 anni procuratore a Palermo e oggi presidente del tribunale del Vaticano, √® stato ascoltato dai pm di Caltanissetta con l‚Äôaccusa di aver occultato informazioni sui rapporti tra la mafia e il sistema degli appalti. https://t.co/ROYVdTpiZC
LaVeritaWeb;Thu Aug 01 06:00:45 +0000 2024;52;2481;L‚Äôex procuratore di Palermo e Roma, capo del Tribunale vaticano, accusato di aver favorito Cosa nostra insabbiando documenti di un fascicolo. Non ha risposto ai pm. Contro di lui vari indizi, tra cui immobili di famiglia comprati da societ√† legate ai boss. https://t.co/SBmqdsiLwK
LaVeritaWeb;Thu Aug 01 05:30:12 +0000 2024;33;2773;Edicola Verit√† https://t.co/iA3ogUn2GH
LaVeritaWeb;Thu Aug 01 05:00:00 +0000 2024;124;4021;#LaVerit√†dioggi  Il giudice del Papa indagato per mafia  üóûÔ∏è Fassino, profumo da 500 euro. Cos√¨ vuole evitare il processo üóûÔ∏è Olimpiadi gender, Boldrini e Cirinn√† tifano l‚Äôatleta che oggi mena un‚Äôitaliana üóûÔ∏è Israele ignora Biden e uccide il capo di Hamas  https://t.co/ywWcjUyacQ https://t.co/2UGVryqntS
LaVeritaWeb;Wed Jul 31 20:05:43 +0000 2024;5;2561;L‚Äôad dell‚Äôutility: ¬´Abbiamo presentato un‚Äôofferta per 490.000 punti di distribuzione del gas in Lombardia, diventeremmo il terzo player del Paese. Riforma del settore? C‚Äô√® chi chiede solo 7-8 ambiti territoriali, sarebbe un errore¬ª.  di @tobiadestefano https://t.co/JD9dFFbqBM
LaVeritaWeb;Wed Jul 31 19:05:48 +0000 2024;58;3267;Dopo il caso dei corsi a favore dei temi Lgbt, agli addetti ai lavori √® stato mandato un questionario sui capisaldi woke. I quesiti: ¬´Sa che alcuni uomini possono partorire?¬ª e ¬´Ha mai chiesto a un assistito che pronomi usare?¬ª.  di @matteolorenzi_   https://t.co/24A4YGTJoX
ilfoglio_it;Fri Aug 02 11:01:13 +0000 2024;4;646;La sparizione degli accappatoi a bordo piscina (non solo) a Parigi 2024. I nuotatori hanno abbandonato il vecchio vestiario, ormai buono per piscine di paese. Le motivazioni che li hanno spinti verso sgargianti parka. Di Francesco Caligaris https://t.co/B8v5RLK0Uh
ilfoglio_it;Fri Aug 02 10:53:48 +0000 2024;2;644;Biden e Harris accolgono i prigionieri rientrati negli Stati Uniti dopo il maxi scambio con la Russia. https://t.co/kjIFNx3Ef4
ilfoglio_it;Fri Aug 02 10:30:24 +0000 2024;1;826;‚ÄúContro la peste suina africana ristori e abbattimenti senza indugio‚Äù. Parla Cattaneo (FI). Di @PalmieriF https://t.co/FDfLCTCDMd
ilfoglio_it;Fri Aug 02 09:56:30 +0000 2024;1;814;Erdogan vuole Papa Francesco come alleato. Telefonata del leader turco al Pontefice per dirgli che l‚Äôattacco israeliano a Beirut e l‚Äôassassinio di Ismail Haniyeh a Teheran ‚Äúrappresentano minacce all‚Äôintera regione, al mondo e all‚Äôumanit√†‚Äù https://t.co/fcBy3DTyCU
ilfoglio_it;Fri Aug 02 09:37:45 +0000 2024;1;917;Domani esce la nuova puntata di ‚ÄúLa situa‚Äù, la newsletter del direttore Claudio Cerasa. Per capire l‚ÄôItalia con un linguaggio nuovo. Senza perdersi in troppe chiacchiere. Iscrivetevi a questo link https://t.co/WKy3o8M6P7 https://t.co/EfZRxpYSD5
ilfoglio_it;Fri Aug 02 09:01:05 +0000 2024;0;856;In cosa Hezbollah √® pi√π pericoloso di Hamas, ci dice Matt Friedman - di Giulio Silvano https://t.co/tI8ea7RQFk
ilfoglio_it;Fri Aug 02 09:00:59 +0000 2024;64;2828;Ecco la vignetta di Makkox di oggi. Qui tutte le altre per il Foglio https://t.co/oEFhWmuN8Y https://t.co/hQjyBFTH99
ilfoglio_it;Fri Aug 02 08:40:14 +0000 2024;1;806;L'ultimo tentativo riuscito di uccidere Mohammed Deif, ‚Äúl'uomo ombra‚Äù di Hamas - di @priscillarugg https://t.co/IDpMwU6CHe
ilfoglio_it;Fri Aug 02 08:30:28 +0000 2024;1;937;"Conte: ""Dal nuovo nome al limite dei due mandati, decideranno i cittadini"". E si smarca da Grillo https://t.co/EwCACiR8Za"
ilfoglio_it;Fri Aug 02 08:20:13 +0000 2024;5;1195;Contro l'ipocrisia di chi non capisce cosa c'√® dietro al caso Khelif. Anche tra noi donne - di Anna Paola Concia https://t.co/1GktxJKNhz
ilfoglio_it;Fri Aug 02 08:12:06 +0000 2024;3;842;"Mattarella sulla strage di Bologna: ""Ferita insanabile. Monito per le nuove generazioni"" https://t.co/fPm0SIzvZU"
ilfoglio_it;Fri Aug 02 07:52:12 +0000 2024;5;1122;Il Pd raccoglie 500 mila firme ma si perde la Puglia: bocciata la proposta di referendum - di Gabriele De Campis https://t.co/TZmTEKTJXd
ilfoglio_it;Fri Aug 02 07:20:13 +0000 2024;5;1020;A Parigi l'Italia del tennis ha il diritto di sognare - di Mauro Zanon https://t.co/9YuFTjZhR8
ilfoglio_it;Fri Aug 02 07:10:13 +0000 2024;2;984;Al nostro dream team della scherma √® mancato il buco nella ciambella - di Umberto Zapelloni https://t.co/jtSekzfcR1
ilfoglio_it;Fri Aug 02 07:01:06 +0000 2024;1;1041;Macch√© stato di diritto a rischio. Il rapporto Ue dice le stesse cose con Conte, Draghi e Meloni - di @ermesantonucci https://t.co/rL8XCIrjxU
ilfoglio_it;Fri Aug 02 06:50:13 +0000 2024;3;1224;Apocalypse Fazzolari: le paure, le idee estive, la giornata del colonello di Meloni - di @carusocarmelo https://t.co/yO6W0eAiJT
ilfoglio_it;Fri Aug 02 06:40:14 +0000 2024;8;1705;Lo scambio di prigionieri con la Russia √® il lavoro di mesi, e sembra un romanzo - di @giuliapompili https://t.co/wGF1oOxgXJ
ilfoglio_it;Fri Aug 02 06:30:16 +0000 2024;0;1062;Perch√© eliminare Deif e Haniyeh non significa sabotare l'accordo per liberare gli ostaggi - di @micol_fla https://t.co/0P015u5LUi
ilfoglio_it;Fri Aug 02 06:10:13 +0000 2024;71;2899;L'Onu continua a restare immobile di fronte al terrorismo - di @claudiocerasa https://t.co/51r4rpMGie
ilfoglio_it;Fri Aug 02 06:00:40 +0000 2024;3;1237;"Davvero gli italiani fanno sport solo sdraiati sul divano? I dati ci mostrano che la nuova ""Repubblica del movimento"" si √® messa in marcia: siamo diventati pi√π europei anche nell'attivit√† fisica. Ascolta il nuovo episodio del podcast di @scingolo https://t.co/l4GKs69vPp https://t.co/A0JSbV1lba"
ilfoglio_it;Fri Aug 02 05:59:14 +0000 2024;2;1228;Centinaio: ‚ÄúIl governo faccia presto, sulla Peste suina ha ragione l'Europa‚Äù. L'intervista di @lucaroberto11 https://t.co/W0bJnxyyeT
ilfoglio_it;Fri Aug 02 05:53:39 +0000 2024;2;1220;La politica che arretra. Il potere dei giudici. Il ricatto. Intervista a Giovanni Toti - di Manila Alfano https://t.co/W3gTcfiMbh
ilfoglio_it;Fri Aug 02 05:30:16 +0000 2024;3;1375;Ecco la prima pagina del Foglio di oggi. Potete leggerlo a questo link.  https://t.co/TebnTvOGQO. https://t.co/iUKeXIY5Cn
ilfoglio_it;Thu Aug 01 21:01:08 +0000 2024;1;1978;Ecco la prima pagina del Foglio di domani. Potete gi√† leggerlo a questo link. https://t.co/TebnTvOGQO. https://t.co/m1ZCf3PgPL
ilfoglio_it;Thu Aug 01 19:30:31 +0000 2024;1;1713;FdI on the beach. Fratelli d‚ÄôItalia lancia la sua campagna di militanza sui lidi taliani per spiegare agli elettori premierato, autonomia, riforma del fisco e della giustizia. E Donzelli presenta il nuovo cruciverbone dei patrioti. Di @a_luna1998 https://t.co/knAbSYImGB
ilfoglio_it;Thu Aug 01 19:01:30 +0000 2024;29;2938;Le lacrime di Angela Carini, vittima dell‚Äôideologia, lavino gli occhi di chi non riesce a vedere. Di @CamilloLangone https://t.co/8iVW4bksyQ
ilfoglio_it;Thu Aug 01 18:05:17 +0000 2024;1;1368;Biagio Mazzotta lascia la Ragioneria e va ufficialmente a Fincantieri . La ‚Äúpassione‚Äù del funzionario che scambi√≥ un buco per Superbonus. Di @Carusocarmelo https://t.co/n2kcO1nxc5
ilfoglio_it;Thu Aug 01 17:57:37 +0000 2024;5;1189;Crescita e lavoro: l‚ÄôUpb alza le stime del pil, l‚ÄôIstat registra l‚Äôaumento dell‚Äôoccupazione. L‚Äôeconomia italiana d√† segnali positivi. Il ministro Giorgetti potr√† affrontare la prossima, difficile, sessione di bilancio con meno apprensione https://t.co/UXzy2U8Vy1
ilfoglio_it;Thu Aug 01 17:45:19 +0000 2024;6;1337;Giovanni De Gennaro, Alice Bellandi e quel nuovo quarto d‚Äôora d‚Äôoro alle Olimpiadi. Il canoista e la judoka conquistano due medaglie d‚Äôoro in 15 minuti esattamente tre anni dopo la sera di Jacobs e Tamberi a Tokyo. Di @Giostuzzi https://t.co/y3QS37tXGY
ilfoglio_it;Thu Aug 01 17:44:09 +0000 2024;268;7709;Toti libero, ricatto compiuto. Dopo le dimissioni, il gip ha revocato gli arresti domiciliari (durati 86 giorni) nei confronti del governatore ligure. L‚Äôultima conferma, se serviva, del ricatto operato dalla magistratura genovese https://t.co/FZgh1hbAgr
ilfoglio_it;Thu Aug 01 17:30:24 +0000 2024;0;1159;Letture alla moda. Il business dei vestiti ha trovato il nuovo accessorio di tendenza - @fgiacomotti https://t.co/gzR95QRiaQ
ilfoglio_it;Thu Aug 01 17:14:14 +0000 2024;4;1257;Il ragioniere Biagio Mazzotta viene nominato presidente di Fincantieri. Si conclude cos√¨ lo scontro tra il governo Meloni e l‚Äôalto funzionario di stato. Di @Carusocarmelo https://t.co/XpAmzk6gSR
ilfoglio_it;Thu Aug 01 17:01:57 +0000 2024;2;1126;Le migliori serie tv di agosto 2024. Grandi ritorni di stagione, approfittatene per recuperare tutti gli episodi arretrati di alcune serie diventate gi√† piccoli cult - @MontanaroGaia https://t.co/6d8uWGz2YD
ilfoglio_it;Thu Aug 01 16:30:23 +0000 2024;3;1212;"L'orso feroce piace a tutti, destra e sinistra. √à l'uomo che non ha pi√π amici - ""Preghiera"", la rubrica di Camillo Langone  https://t.co/SmhLWRX5Bx"
ilfoglio_it;Thu Aug 01 16:03:52 +0000 2024;2;1033;"Un pensiero da insonne: Netanyahu sogna la guerra con l'Iran, senza esclusione di colpi - ""Piccola Posta"", la rubrica di Adriano Sofri https://t.co/qiu9nMUjs4"
ilfoglio_it;Thu Aug 01 15:55:53 +0000 2024;0;1018;Le foto del funerale di Ismail Haniyeh a Teheran. Migliaia le persone presenti per dare l‚Äôultimo saluto al capo dell‚Äôufficio politico di Hamas. Khamenei: ‚ÄúCercheremo vendetta‚Äù e l‚ÄôIran ha chiuso il suo spazio aereo. Netanyahu: ‚ÄúPronti a qualsiasi scenario‚Äù https://t.co/zEcwsZvxmD
ilfoglio_it;Thu Aug 01 15:30:38 +0000 2024;15;1209;"Cos√¨ la caccia ai nemici di Israele ""pu√≤ arrivare ovunque"". Lo stratega israeliano Kobi Michael: ""Le eliminazioni mirate sono parte della guerra. Haniyeh era il capo dell‚Äôorganizzazione che combattiamo da dieci mesi"" https://t.co/R8890LSW2Z"
ilfoglio_it;Thu Aug 01 14:30:27 +0000 2024;18;5756;Oltre la Senna c'√® di pi√π. Le innovazioni di Parigi 2024 che resteranno. Atleti in secondo piano, ma molte novit√† da studiare, citt√† a parte - @carloalberto Carnevale Maff√® https://t.co/l3qzWmecuz
ilfoglio_it;Thu Aug 01 14:12:15 +0000 2024;6;1410;√à in corso il pi√π grande scambio di prigionieri tra Russia e Occidente dai tempi della Guerra Fredda. Dagli oppositori come Ilya Yashin e Vladimir Kara-Murza, ai giornalisti come Evan Gershkovich. Tutti i nomi dei 24 prigionieri. Di @G_Boggero https://t.co/yCTUNta8Ri
ilfoglio_it;Thu Aug 01 14:04:25 +0000 2024;10;1151;I suicidi nelle carceri rappresentano il suicidio dello stato di https://t.co/K948y8vdQn silenzio dei media progressisti sugli orrori della carcerazione preventiva https://t.co/F5yiISqR1P
LaStampa;Fri Aug 02 11:01:35 +0000 2024;15;2160;Strage di Bologna, Meloni: ‚ÄúLe sentenze attribuiscono la responsabilit√† ai neofascisti. Attacchi ingiustificati al governo, temo per la mia incolumit√†‚Äù https://t.co/5Wo8zwzxIC
LaStampa;Fri Aug 02 10:34:07 +0000 2024;3;1555;Intel licenzia 17 mila lavoratori e crolla a Wall Street: ecco i motivi https://t.co/PjYlCcnY7k
LaStampa;Fri Aug 02 10:06:10 +0000 2024;3;1583;Calcio: nel Milan femminile un anno di contratto automatico alle calciatrici che restano incinte https://t.co/HbQWaohZBu
LaStampa;Fri Aug 02 09:39:12 +0000 2024;1;2057;"Strage di Bologna, Piantedosi: ""I morti del 2 agosto sono vittime di guerra alla democrazia"" https://t.co/AKpOCNVxsr"
LaStampa;Fri Aug 02 09:26:03 +0000 2024;2;1863;Tra la ¬´resurrezione¬ª democratica con la scesa in campo di Kamala Harris e un Trump combattivo, sono stati in molti a recarsi in pellegrinaggio tra Washington e Mar-a-Lago alla ricerca di rassicurazioni sulla continuit√† del sostegno Usa @GabrieleSegre https://t.co/peTmgUkK7E
LaStampa;Fri Aug 02 08:42:37 +0000 2024;9;2571;√à morto Massimo Cotto, giornalista e conduttore di Virgin Radio: aveva 62 anni https://t.co/w8oyWQFgwl
LaStampa;Fri Aug 02 08:42:36 +0000 2024;8;3817;Caso Khelif, vertice Meloni-Cio. Il presidente Bach: ‚Äú√à una donna, faremo chiarezza‚Äù https://t.co/O5KdPK7cL9
LaStampa;Fri Aug 02 08:42:35 +0000 2024;0;1643;Torinosette, l‚Äôestate che verr√† e il gran finale √® davanti ai Massive Attack https://t.co/vq2UvU1Pe6
LaStampa;Fri Aug 02 08:15:35 +0000 2024;3;2332;Fisco, nuova sanatoria per le cartelle non pagate: rottamazione anche per il 2023 https://t.co/FdOEH8Q1Qx
LaStampa;Fri Aug 02 08:15:34 +0000 2024;1;1683;Fisco, nuova sanatoria per le cartelle non pagate: rottamazione anche per il 2023 https://t.co/NuBim6DZvz
LaStampa;Fri Aug 02 07:48:18 +0000 2024;2;1791;Un altro crollo per le Borse. Piazza Affari bersagliata dalle vendite sulle banche https://t.co/sh3HensxTb
LaStampa;Fri Aug 02 07:48:17 +0000 2024;1;1667;Canottaggio, judo, tennis: cinque cose sugli azzurri in gara oggi https://t.co/WzzlMvgSuN
LaStampa;Fri Aug 02 07:48:16 +0000 2024;2;1654;Scambio prigionieri, Putin riceve in aeroporto a Mosca i russi liberati https://t.co/PmGRO2lj9y
LaStampa;Fri Aug 02 07:48:14 +0000 2024;4;2064;Venezuela, Machado convoca proteste in tutto il Paese https://t.co/mollhnCJGR
LaStampa;Fri Aug 02 07:48:11 +0000 2024;1;1585;Biden accoglie gli ex detenuti tornati in Usa: lo storico scambio di prigionieri https://t.co/A368o9zmXc
LaStampa;Fri Aug 02 07:48:07 +0000 2024;1;1535;Un altro crollo per le Borse. Piazza Affari bersagliata dalle vendite sulle banche https://t.co/rcZeCxApCG
LaStampa;Fri Aug 02 06:49:12 +0000 2024;17;5059;Covid, contagi ancora in aumento. E ora crescono anche i ricoveri https://t.co/jnoPIyxXlU
LaStampa;Fri Aug 02 06:49:11 +0000 2024;2;2072;Olimpiadi di Parigi, si parte con il golf. La giornata del tennis: a mezzogiorno Errani-Paolini e alle 19 Musetti https://t.co/ep5YVVOBsu
LaStampa;Fri Aug 02 06:49:09 +0000 2024;6;2340;Fuori orario in media 2 convogli veloci su 10.¬†Per Trenitalia boom di rimborsi nel 2024 https://t.co/S4TUV3VLuH
LaStampa;Fri Aug 02 06:49:07 +0000 2024;13;2136;"Sovraffollamento carceri, Tajani: ""La pena √® la privazione della libert√†, non vivere in cella coi topi"" https://t.co/DhFtPv9Uvl"
LaStampa;Fri Aug 02 06:49:05 +0000 2024;3;1786;Le coltellate, l‚Äôarma sparita e le due sagome in strada. I misteri dell‚Äôomicidio di¬†Sharon https://t.co/AVtSkWCIj5
LaStampa;Fri Aug 02 06:41:05 +0000 2024;0;2178;L‚Äôeterno ritorno dei referendum e la regola (ignorata) della prudenza https://t.co/XBmUTemze7
LaStampa;Fri Aug 02 06:21:11 +0000 2024;1;2216;L‚Äôeterno ritorno dei referendum e la regola (ignorata) della prudenza https://t.co/3Qgq5ymA95
LaStampa;Fri Aug 02 06:21:09 +0000 2024;6;3304;La mente dell‚Äô11 settembre patteggia. Rabbia in Usa: ‚ÄúUccise tremila persone‚Äù https://t.co/7HJz1Mn5UK
LaStampa;Fri Aug 02 06:21:06 +0000 2024;8;2722;Nel Mar Ligure l‚Äôacqua sfiora i 30 gradi, pesci autoctoni in fuga https://t.co/EzQY7oe59e
LaStampa;Fri Aug 02 04:30:06 +0000 2024;12;3919;Buongiorno! Ecco la prima pagina di oggi, 02/08/2024. Gli aggiornamenti su https://t.co/x3RjqbDFRw https://t.co/TrufcjVR8w https://t.co/GMthWVJVq1
LaStampa;Thu Aug 01 23:41:08 +0000 2024;2;2427;Perch√© l‚Äôincertezza Usa pu√≤ stritolare l‚Äôeuropa https://t.co/ct6dEImkBY
LaStampa;Thu Aug 01 23:41:07 +0000 2024;0;2237;La nostra Costituzione e gli aiuti ai migranti https://t.co/mr6hshkyJ2
LaStampa;Thu Aug 01 23:41:07 +0000 2024;42;9459;Imane, l‚Äôessere umano trasformato in mostro https://t.co/sSMEQJASvc
LaStampa;Thu Aug 01 23:25:37 +0000 2024;341;29688;Imane, l‚Äôessere umano trasformato in mostro https://t.co/YU62Kwsnkx
LaStampa;Thu Aug 01 23:25:37 +0000 2024;0;2122;Perch√© l‚Äôincertezza Usa pu√≤ stritolare l‚Äôeuropa https://t.co/DSorDLqG7s
LaStampa;Thu Aug 01 23:25:36 +0000 2024;0;2077;La nostra Costituzione e gli aiuti ai migranti https://t.co/LmZxpiQbt4
LaStampa;Thu Aug 01 23:25:35 +0000 2024;0;2038;Hamas √® stata decapitata ma non si arrende: ecco il piano per la controffensiva https://t.co/6PEeJ0b1qI
LaStampa;Thu Aug 01 23:25:35 +0000 2024;0;1952;Scambio di prigionieri¬†da Guerra Fredda: Putin libera¬†reporter e attivisti in cambio di killer e spie https://t.co/CjsG1b1SfY
LaStampa;Thu Aug 01 23:25:06 +0000 2024;0;2195;I 125 anni di Fiat. Addio Gm e intesa con le banche. Cos√¨ Marchionne d√† la svolta https://t.co/dthqpNCaYt
LaStampa;Thu Aug 01 22:57:34 +0000 2024;0;2122;Guerra Russia-Ucraina, maxi-scambio dei prigionieri: c'√® anche il giornalista Usa Evan Gershovich. Biden: l‚Äôagonia √® finita https://t.co/YBZf4c8TXm
LaStampa;Thu Aug 01 22:29:06 +0000 2024;3;2614;Guerra in Medio Oriente, Hezbollah: lanciati decine di razzi nel nord di Israele https://t.co/PyTRlToAGE
LaStampa;Thu Aug 01 21:33:11 +0000 2024;8;3752;Notte di rivolta nel carcere minorile di Torino:¬†incendio nelle celle, negli uffici e nei corridoi https://t.co/4Pfqt8ufeF
LaStampa;Thu Aug 01 21:04:35 +0000 2024;10;3737;Olimpiadi, Musetti e il doppio Errani-Paolini: cent‚Äôanni dopo siamo da podio nel tennis https://t.co/dK9ifC5xE2
LaStampa;Thu Aug 01 20:09:04 +0000 2024;13;6383;Terremoto di magnitudo tra 4.9 e 5.4 nella zona di Cosenza https://t.co/9eR87QoZX0
qn_carlino;Fri Aug 02 11:12:13 +0000 2024;0;58;Arrestato il piromane 'notturno': l'incubo √® finito. In due mesi, ben 16 auto a fuoco https://t.co/LbnwQX4jDU . Leggi l'articolo‚§µÔ∏è
qn_carlino;Fri Aug 02 10:12:05 +0000 2024;0;102;Arianna e Leonardo, i nomi pi√π gettonati a Rimini https://t.co/GEBPLf39pm . Leggi l'articolo‚§µÔ∏è
qn_carlino;Fri Aug 02 09:27:05 +0000 2024;0;111;Tommaso Onofri, semilibert√† per il rapitore Salvatore Raimondi. La madre: ‚ÄúNon √® giustizia‚Äù https://t.co/WHTWvMuJxB . Leggi l'articolo‚§µÔ∏è
qn_carlino;Fri Aug 02 09:02:07 +0000 2024;0;138;Grossi chicchi di grandine in Emilia Romagna: le previsioni meteo del weekend https://t.co/McnVqWgKAj . Leggi l'articolo‚§µÔ∏è
qn_carlino;Fri Aug 02 07:06:35 +0000 2024;0;130;Cesena, occhi su Celia. Intanto De Rose √® ai saluti https://t.co/MKyVJldkda . Leggi l'articolo‚§µÔ∏è
qn_carlino;Fri Aug 02 06:17:12 +0000 2024;0;149;"""Un buon punto al tie break e l‚Äôonore di incontrare il Re"" https://t.co/XTEBlV0KFO . Leggi l'articolo‚§µÔ∏è"
qn_carlino;Fri Aug 02 06:17:12 +0000 2024;0;135;Cesena, arriva una stella. Melandri √® bianconera https://t.co/ktm3SXL4KP . Leggi l'articolo‚§µÔ∏è
qn_carlino;Fri Aug 02 06:17:10 +0000 2024;0;129;Vigor, manca un tassello. Un under per la difesa https://t.co/G3Oi0rJXaa . Leggi l'articolo‚§µÔ∏è
qn_carlino;Fri Aug 02 06:17:08 +0000 2024;0;126;Regia, si chiude un ritiro senza botti. Ora spuntano Calvani e Strizzolo https://t.co/RcnbhOg9L5 . Leggi l'articolo‚§µÔ∏è
qn_carlino;Fri Aug 02 06:07:11 +0000 2024;0;136;Alex Marangon, esame del capello per i partecipanti alla festa sciamanica. Cos‚Äô√® e a cosa serve https://t.co/CVX49NwMfb . Leggi l'articolo‚§µÔ∏è
qn_carlino;Fri Aug 02 06:07:09 +0000 2024;0;118;Tour virtuale I 33 cantieri a portata di click https://t.co/J0A69lbESl . Leggi l'articolo‚§µÔ∏è
qn_carlino;Fri Aug 02 06:07:06 +0000 2024;0;123;Pittura dei ponti con dedica a Ivan Paolini https://t.co/n1mw8cpQbG . Leggi l'articolo‚§µÔ∏è
qn_carlino;Fri Aug 02 05:06:36 +0000 2024;0;167;"""Casa Aura, un infermiere assiste 82 anziani: ma perch√© la Regione non programma?"" https://t.co/Vpb9BZcacm . Leggi l'articolo‚§µÔ∏è"
qn_carlino;Fri Aug 02 05:06:36 +0000 2024;0;153;"Duello sul Pronto soccorso: ""Ala nuova e inutilizzata"": ""No, serve per le pandemie"" https://t.co/emrkqC8y8M . Leggi l'articolo‚§µÔ∏è"
qn_carlino;Fri Aug 02 05:06:35 +0000 2024;0;144;Sanit√†, Montagna alla guida della Ugl https://t.co/VPKestgYd2 . Leggi l'articolo‚§µÔ∏è
qn_carlino;Fri Aug 02 05:06:34 +0000 2024;0;142;"Affidi, la difesa di Foti: ""La Cassazione seppellisce il ‚Äômetodo Bibbiano‚Äô"" https://t.co/kza0VQrHnS . Leggi l'articolo‚§µÔ∏è"
qn_carlino;Fri Aug 02 05:06:33 +0000 2024;0;144;"La tragedia in moto: ""Aveva un cuore enorme. Era una ragazza d‚Äôoro"" https://t.co/2FVNL8cDc4 . Leggi l'articolo‚§µÔ∏è"
qn_carlino;Fri Aug 02 04:16:34 +0000 2024;0;171;Palazzina Azzurra: l‚Äôipotetico restyling https://t.co/TWZltrPTcX . Leggi l'articolo‚§µÔ∏è
qn_carlino;Fri Aug 02 04:12:18 +0000 2024;0;158;"Mattia Trani, console ‚ÄôGalactica‚Äô: ""Di notte faccio ballare la Riviera"" https://t.co/tyt2bKlktj . Leggi l'articolo‚§µÔ∏è"
qn_carlino;Fri Aug 02 04:12:17 +0000 2024;0;148;Sakamoto in realt√† mista. Risuona l‚Äôultimo concerto che il musicista regal√≤ https://t.co/k6KBwamB5U . Leggi l'articolo‚§µÔ∏è
qn_carlino;Fri Aug 02 04:12:16 +0000 2024;0;145;Presidenza dell‚ÄôAato. Il centrodestra fa l‚Äôautogol https://t.co/p2Sw9itR1j . Leggi l'articolo‚§µÔ∏è
qn_carlino;Fri Aug 02 04:12:15 +0000 2024;0;131;Signore e signori, c‚Äô√® il dialetto. A Vallefoglia torna il Festival https://t.co/aJwLeAvvzp . Leggi l'articolo‚§µÔ∏è
qn_carlino;Fri Aug 02 04:12:14 +0000 2024;0;127;I Nas sequestrano quattro tonnellate di kebab https://t.co/jQrVvLbfVg . Leggi l'articolo‚§µÔ∏è
qn_carlino;Fri Aug 02 04:12:12 +0000 2024;0;135;"Il centrodestra contro Daviddi: ""Un traditore"" https://t.co/jBoBz7AmZc . Leggi l'articolo‚§µÔ∏è"
qn_carlino;Fri Aug 02 04:12:09 +0000 2024;0;133;Due giovani videomakers raccontano le barche storiche https://t.co/IJuuVN020O . Leggi l'articolo‚§µÔ∏è
qn_carlino;Fri Aug 02 04:12:05 +0000 2024;0;123;Coldiretti, Notte Gialla. Un gran successo https://t.co/niDoGPjl60 . Leggi l'articolo‚§µÔ∏è
qn_carlino;Fri Aug 02 04:09:22 +0000 2024;0;147;Rotary, festa d‚Äôestate e cena di solidariet√† https://t.co/6qL5DC3Y89 . Leggi l'articolo‚§µÔ∏è
qn_carlino;Fri Aug 02 04:09:21 +0000 2024;0;129;‚ÄôJazz e non solo jazz‚Äô. C‚Äô√® Mighty Mo Rodgers https://t.co/TsGt3mFdZA . Leggi l'articolo‚§µÔ∏è
qn_carlino;Fri Aug 02 04:09:20 +0000 2024;0;126;Compie 104 anni il riccionese sopravvissuto ai campi nazisti https://t.co/GHsAKg8Pvl . Leggi l'articolo‚§µÔ∏è
qn_carlino;Fri Aug 02 04:09:19 +0000 2024;0;116;Rottura delle tubature: strade allagate e case a secco https://t.co/GQY74asjuI . Leggi l'articolo‚§µÔ∏è
qn_carlino;Fri Aug 02 04:09:19 +0000 2024;0;113;"Il ""Babysitter"" debutta a Loreto. Ruffini parla di libert√† e fantasia https://t.co/WH4vYYt2Ku . Leggi l'articolo‚§µÔ∏è"
qn_carlino;Fri Aug 02 04:09:18 +0000 2024;0;105;Unione, Lagazzi formalizza le deleghe https://t.co/f0wky2Df2J . Leggi l'articolo‚§µÔ∏è
qn_carlino;Fri Aug 02 04:09:17 +0000 2024;0;104;La cucina tradizionale con due ricette tipiche. Serata a Moregnano https://t.co/2EQjTMbD59 . Leggi l'articolo‚§µÔ∏è
qn_carlino;Fri Aug 02 04:09:16 +0000 2024;0;105;Truffa sulle rinnovabili, in sette nei guai https://t.co/4P3X2VKtg4 . Leggi l'articolo‚§µÔ∏è
qn_carlino;Fri Aug 02 04:09:15 +0000 2024;0;108;Circondario, deleghe in giunta. A Marchetti welfare e trasporti. Cultura e pari opportunit√† a Poli https://t.co/hkMh3Q64TJ . Leggi l'articolo‚§µÔ∏è
qn_carlino;Fri Aug 02 04:09:12 +0000 2024;0;99;Saldo e acconto Cis da rendicontare https://t.co/6B85YmW0kz . Leggi l'articolo‚§µÔ∏è
qn_carlino;Fri Aug 02 04:02:14 +0000 2024;0;112;Superbonus, costi gonfiati: e girava in Ferrari https://t.co/UQDmzA0SuX . Leggi l'articolo‚§µÔ∏è
qn_carlino;Fri Aug 02 04:02:13 +0000 2024;0;99;I Ricchi e Poveri alla carica . Cinquant‚Äôanni di hit sul palco https://t.co/5pi7cPoy7B . Leggi l'articolo‚§µÔ∏è
qn_carlino;Fri Aug 02 04:02:12 +0000 2024;0;101;Cantiano, la narrazione delle tradizioni https://t.co/1yk6y5CxmG . Leggi l'articolo‚§µÔ∏è
qn_carlino;Fri Aug 02 04:02:12 +0000 2024;0;112;Tour Capitale e Rossiniano, vanno forte i due percorsi tematici https://t.co/d4aSef6I7U . Leggi l'articolo‚§µÔ∏è
ilmessaggeroit;Fri Aug 02 11:26:09 +0000 2024;0;4;Frattura al perone bloccata con un cartone al pronto soccorso di Patti.¬†¬´Non c'erano le stecche per l'ingessatura¬ª¬† https://t.co/hcKb8gPlOF
ilmessaggeroit;Fri Aug 02 10:07:38 +0000 2024;0;681;Pensioni agosto 2024, partiti i pagamenti: importi pi√π alti per il rimborso Irpef. Calcoli, date e calendario https://t.co/zRtkRX0sF7
ilmessaggeroit;Fri Aug 02 09:30:04 +0000 2024;1;740;"ACCADDE OGGI, Gioved√¨ 2 Agosto 1990  L'Iraq invade il Kuwait, azione bellica che condurr√† alla guerra del Golfo  Sfoglia l'archivio storico -&gt; https://t.co/3u6TUsMw6K https://t.co/dALJ5Ub4KU"
ilmessaggeroit;Fri Aug 02 09:14:07 +0000 2024;0;854;Meteto, caldo record fino a Ferragosto ma arrivano i temporali da Nord. Si indebolisce l'anticiclone africano https://t.co/lTj8ksdvDI
ilmessaggeroit;Fri Aug 02 08:22:02 +0000 2024;0;908;Covid, casi¬†in aumento del 24 per cento:¬†boom in Campania, Lombardia e Lazio https://t.co/JKOmCieXGK
ilmessaggeroit;Fri Aug 02 08:14:52 +0000 2024;0;722;Quando partire per le vacanze? Ecco gli orari migliori per evitare il traffico (e quali strade sono da bollino nero)¬† https://t.co/9aeo6S3069
ilmessaggeroit;Fri Aug 02 07:30:04 +0000 2024;7;711;"ACCADDE OGGI, Sabato 2 Agosto 1980 Alle ore 10:25 una bomba esplode alla stazione di Bologna causando 85 morti e 200 feriti  Sfoglia l'archivio storico -&gt; https://t.co/pIOroa3Tv7 https://t.co/LMY8J5x0tW"
ilmessaggeroit;Fri Aug 02 07:13:59 +0000 2024;5;1489;Dorian Petoku arrestato a Dubai, il narcos braccio destro di Diabolik era evaso da una comunit√† di recupero https://t.co/GwBUJX3C4B
ilmessaggeroit;Fri Aug 02 06:34:52 +0000 2024;6;1051;#truffa Poste, il falso sms e la telefonata dei finti poliziotti: ¬´Anomalie sul suo conto¬ª, 40 persone truffate. Arrestati due napoletani https://t.co/jIz7EUbYNk
ilmessaggeroit;Fri Aug 02 06:00:01 +0000 2024;2;970;Ecco la prima pagina del Messaggero in edicola L'edizione digitale del quotidiano e tutto il sito a soli 9 euro al mese per 1 anno. Scopri l'Offerta https://t.co/xT6Cj96ILD https://t.co/HXZIzan5fu
ilmessaggeroit;Fri Aug 02 05:58:06 +0000 2024;0;799;Guerra Russia-Ucraina, i prigionieri Usa liberati accolti da Biden e Harris. Trump attacca l'accordo e insinua pagamenti https://t.co/dCiC3VHkUc
ilmessaggeroit;Fri Aug 02 05:30:06 +0000 2024;3;1030;"ACCADDE OGGI, Gioved√¨ 2 Agosto 1934 Adolf Hitler diventa f√ºhrer della Germania  Sfoglia l'archivio storico -&gt; https://t.co/ZPw320C1PN https://t.co/inNsX6Qoon"
ilmessaggeroit;Thu Aug 01 19:49:13 +0000 2024;22;4910;Terremoto Cosenza, forte scossa avvertita dalla popolazione: magnitudo fra 4.9 e 5.3 https://t.co/eaXeMrnmv2
ilmessaggeroit;Thu Aug 01 19:12:00 +0000 2024;2;1573;#pizza, quanto tempo per smaltirla? Il dietologo: ¬´Fino a 3 ore di palestra, ecco per chi. Attenti all'errore di quantit√†¬ª‚Äã https://t.co/CPRuSJaZla
ilmessaggeroit;Thu Aug 01 18:16:15 +0000 2024;4;1473;Muore a 31 anni la modella #Hailey Merkt per un tumore, la famiglia:¬†¬´Le era stata diagnosticata una rara forma¬ª https://t.co/8FAho4J9t5
ilmessaggeroit;Thu Aug 01 17:30:31 +0000 2024;1;1123;Scambio prigionieri storico: 26 persone liberate in 7 Paesi. Tra loro ci sono Gershkovich e Whelan https://t.co/V0TNuNOK7H
ilmessaggeroit;Thu Aug 01 17:26:00 +0000 2024;1;1267;Incidente a Milano, furgone investe 4 pedoni sul marciapiede.¬†¬´Conducente positivo all'alcol test¬ª https://t.co/IEUTpMX3Wb
ilmessaggeroit;Thu Aug 01 16:44:01 +0000 2024;1;1084;Giovanni De Gennaro, chi √®: et√†, il blog, famiglia. E la svolta del fratello Riccardo https://t.co/ZB0fK04HkH
ilmessaggeroit;Thu Aug 01 16:43:17 +0000 2024;2;1313;Peste suina, sei focolai fra Lombardia, Piemonte ed Emilia-Romagna: ecco dove. Ministero verso misure straordinarie https://t.co/dpn0JW1ccg
ilmessaggeroit;Thu Aug 01 15:45:40 +0000 2024;3;1137;#recaro, fallisce il colosso dei sedili sportivi¬†auto. Si chiude la storia ultracentenaria del fornitore automobilistico tedesco https://t.co/Tbt2ayYokK
ilmessaggeroit;Thu Aug 01 15:44:51 +0000 2024;2;959;La Fia conferma il Rally d'Italia in Sardegna nel 2025. Sticchi Damiani: ¬´Ripartiamo per un'altra grande avventura¬ª https://t.co/Vu4YxTQeXc
ilmessaggeroit;Thu Aug 01 15:43:14 +0000 2024;1;984;Audi A6 e-Tron, autonomia di 750 km ne fa il nuovo riferimento. L'elettrica basata sulla Premium Platform Electric https://t.co/xk1OeYV8Jv
ilmessaggeroit;Thu Aug 01 15:42:21 +0000 2024;2;990;Bmw Group, un primo semestre con segno positivo. Successo di vendite guidato anche da veicoli elettrici: +24,6% https://t.co/71oKXX2C5A
ilmessaggeroit;Thu Aug 01 15:39:18 +0000 2024;1;944;Defender celebra 70 anni al fianco della Croce Rossa. Consegnata alla sezione italiana una Defender 130 Outbound https://t.co/YMsFw7xtrs
ilmessaggeroit;Thu Aug 01 15:38:26 +0000 2024;1;990;Fuga dalla Red Bull, Wheatley lascer√† al termine della stagione. Sar√† il nuovo team principal del progetto... https://t.co/mYifsgCnlY
ilmessaggeroit;Thu Aug 01 15:36:11 +0000 2024;2;1141;DR Automobiles, il presidente Massimo Di Risio ricevuto dal ministro Urso al Mimit https://t.co/ztUwFSK22I
ilmessaggeroit;Thu Aug 01 15:34:00 +0000 2024;1;888;GT World Challenge Europe: svelato il calendario 2025 con 10 eventi. Confermate le gare di Monza e Misano https://t.co/NvAbY6TiPU
ilmessaggeroit;Thu Aug 01 15:25:03 +0000 2024;1;1326;Intersex: cosa significa, terminologia corretta e il caso di Imane Khelif. Guida alle ¬´variazioni delle caratteristiche del sesso¬ª https://t.co/g8kQkReObB
ilmessaggeroit;Thu Aug 01 15:09:26 +0000 2024;2;1122;Alice D'Amato, chi √® la ginnasta medaglia d'argento (dietro solo a Simone Biles): dalla passione nata a 7 anni fino alle gare disputate con la sorella gemella https://t.co/UJbK4lfsIk
ilmessaggeroit;Thu Aug 01 14:39:35 +0000 2024;2;1034;Manila Esposito, chi √® la pi√π giovane atleta della delegazione italiana che ha scoperto la ginnastica a 4 anni https://t.co/c07XnOPmek
ilmessaggeroit;Thu Aug 01 14:00:59 +0000 2024;2;1050;Martina Favaretto, chi √®: dall'amore per il fioretto scattato a 7 anni all'iscrizione a giurisprudenza https://t.co/gTs84JugXF
ilmessaggeroit;Thu Aug 01 13:42:22 +0000 2024;2;1252;Sottomarino Titan, ecco come sono morti i passeggeri. Il testimone:¬†¬´False speranze per giorni¬ª https://t.co/wVebgmEuve
ilmessaggeroit;Thu Aug 01 11:41:38 +0000 2024;0;1291;Autogrill¬†e PizzAut, ecco #gourmaut: il #panino che nutre l‚Äôinclusione https://t.co/EupYnrRVgk
ilmessaggeroit;Thu Aug 01 10:39:19 +0000 2024;18;4371;Miriana Trevisan:¬†¬´Sono casta da due anni. Ho ritrovato la fede, anche ricevere un bacio mi fa star male. Prego mattina e sera¬ª https://t.co/1ojLQipIhx
ilmessaggeroit;Thu Aug 01 10:22:07 +0000 2024;1;1137;Ballando con le Stelle 2024, nel cast anche Sonia Bruganelli (ma il suo insegnante non sar√† Angelo Madonia): l'annuncio https://t.co/XFYAogm1Av
ilmessaggeroit;Thu Aug 01 09:42:55 +0000 2024;8;1905;#cannabis light,¬†arriva la stretta del Governo: cosa cambia dopo il #ddl sicurezza (e perch√© le opposizioni protestano) https://t.co/u5At8ilqEp
ilmessaggeroit;Thu Aug 01 09:23:53 +0000 2024;10;1752;Toti √® tornato libero: dopo 80 giorni accolta la richiesta¬†di revoca degli arresti domiciliari https://t.co/NaeaeBMLf6
ilmessaggeroit;Thu Aug 01 08:57:41 +0000 2024;2;1051;Bimbo di 4 anni muore in piscina vicino Como: aveva lasciato la¬†‚Äúbaby‚Äù per tuffarsi in quella degli adulti https://t.co/KvNMrYf42I
ilmessaggeroit;Thu Aug 01 08:56:24 +0000 2024;2;1039;Rapina per coprire abusi sessuali, arrestati due frati a Napoli: avevano cercato di cancellare le prove delle violenze su due uomini https://t.co/85DH5XhTQP
ilmessaggeroit;Thu Aug 01 08:26:31 +0000 2024;0;1009;Salento, #ascensore cede e va gi√π: si azionano i dispositivi di emergenza. Terrorizzati alcuni turisti all'interno https://t.co/KLgWvFJKBV
sole24ore;Fri Aug 02 06:03:38 +0000 2024;0;4075;"In questa puntata di Start parliamo dell‚Äôacquisizione di WeTransfer da parte di Bending Spoons; spazio poi alla stretta sulla cannabis light nel Ddl sicurezza e alla nuova scuola italiana targata Valditara. https://t.co/sHwLCfMgVD"
sole24ore;Fri Aug 02 05:33:02 +0000 2024;21;5780;Sulla prima pagina del #Sole24Ore di oggi, venerd√¨ #2agosto. #Sanit√† a rischio con il nuovo Patto Ue. #Borse sull‚Äôottovolante, Piazza Affari a -2,68%. A giugno riparte il mercato del #lavoro: 25mila occupati in pi√π. #buonalettura #primapagina https://t.co/TFhgaoMSSq
sole24ore;Thu Aug 01 16:14:49 +0000 2024;8;4041;üî∏ L‚Äôeffetto delle #trimestrali manda al tappeto le #Borse europee che chiudono la seduta in profondo rosso ampliando i cali sul finale. üìâ Il Ftse Mib di #Milano √® il peggiore del Vecchio Continente e chiude in flessione del 2,68%. ‚û°Ô∏è Leggi qui: https://t.co/QRU57qoMw1 https://t.co/4sIvqe7T9k
sole24ore;Thu Aug 01 10:58:38 +0000 2024;1;4578;üî∏Dopo le dimissioni, per il giudice non ci sarebbe pi√π il pericolo di reiterazione del reato. https://t.co/Vy4pmxIF4o
sole24ore;Thu Aug 01 06:04:26 +0000 2024;9;4779;"In questa puntata di Start, l‚Äôuccisione del numero uno di Hamas, che rischia di portare a un‚Äôescalation del conflitto in Medio Oriente; l‚Äôarrivo in Libano della Brigata Sassari; infine, il Piano Mattei per l‚ÄôAfrica e la grave posizione debitoria dei Paesi africani. https://t.co/ZE5NzVr3Z6"
sole24ore;Thu Aug 01 05:40:21 +0000 2024;24;5805;Sulla prima pagina del #Sole24Ore di oggi, gioved√¨ #1agosto: #WallStreet prova il rally d‚Äôagosto, #Powell (#Fed): taglio dei #tassi pi√π vicino. #ExIlva, pronta la gara: entro il 20 settembre le proposte d‚Äô#acquisto #buonalettura #primapagina https://t.co/7EjRaVYd0N
sole24ore;Wed Jul 31 16:23:05 +0000 2024;15;4994;üî∏ Si teme un'ulteriore escaltion in Medio Oriente. üìà Wall Street positiva, in serata l'istituto centrale Usa annuncer√† la decisione sui tassi. üá™üá∫ In Europa peggiora l'inflazione.  #Finanza #Borse #mercati https://t.co/DKbRX4lLAr
sole24ore;Wed Jul 31 10:46:14 +0000 2024;3;4233;L‚Äôinviato de Il Sole 24 Ore Roberto Bongiorni racconta Ismail Haniyeh, il leader di Hamas ucciso a Teheran, conosciuto di persona a Gaza. E riflette sulle conseguenze del doppio blitz di Israele, a Beirut e nella capitale iraniana, che potrebbe innescare un‚Äôescalation pericolosa. https://t.co/GOSSjktPRq
sole24ore;Wed Jul 31 06:47:20 +0000 2024;2;4045;Apre le danze Microsoft. Il focus resta sull‚Äôintelligenza artificiale. Ascolta anche ‚ÄúL‚Äôaltro Zio Sam‚Äù, il nuovo podcast de Il Sole 24 Ore: https://t.co/KNvbeXmBof https://t.co/D2alTX8Dw1
sole24ore;Wed Jul 31 06:03:10 +0000 2024;1;4478;"In questa puntata di Start, le Olimpiadi, con i problemi che la Senna sta creando ad atleti e organizzatori; come e dove seguire il campionato di calcio, con una panoramica sulle principali offerte; infine, focus sugli investimenti degli italiani. https://t.co/XQRIzpsf95"
sole24ore;Wed Jul 31 05:35:50 +0000 2024;44;6591;Sulla prima pagina del #Sole24Ore di oggi, mercoled√¨ #31luglio. #Pil, per l‚ÄôItalia vicino l‚Äôobiettivo dell‚Äô1%, in Germania gi√π l‚Äôeconomia e su i prezzi. #Israele attacca Beirut, sotto tiro il numero due di #Hezbollah. #Intesa, miglior semestre di sempre #buonalettura #primapagina https://t.co/7CeLEDMorr
sole24ore;Tue Jul 30 16:04:00 +0000 2024;6;4088;üî∏ Cresce l'attesa per i risultati di Microsoft (alla chiusura di Wall Street) e per gli altri colossi tecnologici. üóìÔ∏è Il 31 luglio √® in calendario la riunione della Fed, che quasi certamente manterr√† lo status quo sui tassi.  #Finanza #Borse #mercati https://t.co/Z6RikqKGLM
sole24ore;Tue Jul 30 16:04:00 +0000 2024;6;4088;üî∏ Cresce l'attesa per i risultati di Microsoft (alla chiusura di Wall Street) e per gli altri colossi tecnologici. üóìÔ∏è Il 31 luglio √® in calendario la riunione della Fed, che quasi certamente manterr√† lo status quo sui tassi.  #Finanza #Borse #mercati https://t.co/Z6RikqKGLM
sole24ore;Tue Jul 30 15:33:09 +0000 2024;5;4310;In Venezuela ancora manifestazioni e scontri con almeno sette vittime dopo la contestata vittoria di Nicolas Maduro alle presidenziali. Roberto Da Rin spiega perch√© uno dei Paesi pi√π ricchi di petrolio al mondo si trova sull‚Äôorlo di una guerra civile. https://t.co/zO7ANr8Czu
sole24ore;Tue Jul 30 06:47:24 +0000 2024;1;4113;Trump promette sostegno alla criptovaluta e le quotazioni corrono. Ecco perch√© sar√† una gara di promesse fino al voto. https://t.co/mlH7rqbGxl
sole24ore;Tue Jul 30 06:03:43 +0000 2024;4;4751;In questa puntata di Start, la rielezione di Maduro in Venezuela, l‚Äôendorsement di Trump a Bitcoin e, infine, i gravi problemi che stanno affrontando i mari italiani. https://t.co/J2o0QUDVGr
sole24ore;Tue Jul 30 05:32:43 +0000 2024;28;7073;Sulla prima pagina del #Sole24Ore di oggi, marted√¨ #30luglio. Meloni-Xi, riparte dialogo con #Cina su AI, auto e green. #Trump mette le ali al #Bitcoin: ¬´Con me sar√† valuta strategica¬ª. #RedditoCittadinanza, rischi fino a 3,1 miliardi dopo bocciatura Ue #buonalettura #primapagina https://t.co/ewBM5lOXaJ
sole24ore;Mon Jul 29 16:03:06 +0000 2024;11;4669;üî∏ Gli investitori attendono i direttivi della Fed, della Boj e della Boe, mentre continua la stagione delle trimestrali. üìä A Piazza Affari rimbalza St, bene anche Leonardo, sul fronte opposto Campari e Nexi. üîª Spread in leggero calo a 137 punti.  #Finanza #Borse #mercati https://t.co/2Rcy30HA8M
sole24ore;Mon Jul 29 13:44:48 +0000 2024;24;6087;üî∏ Oggi sono da bollino rosso Bologna, Bolzano, Brescia, Campobasso, Firenze, Frosinone, Latina, Milano, Palermo, Perugia e Rieti.  #meteo #caldo #estate2024 #IlSole24OreItalia https://t.co/hGy5MYsqTk
sole24ore;Mon Jul 29 13:27:58 +0000 2024;9;4841;Ecco a chi conviene la legge che consente aumenti di cubatura e parametri minimi pi√π bassi per l‚Äôabitabilit√†.  Per saperne di pi√π https://t.co/7YvmIFQD12 https://t.co/lE9RQ4sHcn
sole24ore;Mon Jul 29 10:31:42 +0000 2024;7;5066;"Studenti &amp; caro casa. Consigli per chi affitta e chi vuole acquistare https://t.co/BGaVLOgdee"
sole24ore;Mon Jul 29 06:46:55 +0000 2024;3;4550;Intervista a Bruno Rovelli, chief investment strategist per l‚ÄôItalia di Blackrock, sulle prospettive dei mercati per i prossimi mesi. https://t.co/hzh5anbfMb
sole24ore;Mon Jul 29 06:03:14 +0000 2024;3;5229;In questa puntata di Start analizziamo le sei diverse sanatorie previste dal decreto Salva casa. Tra le altre notizie di oggi, la parit√† di genere alle Olimpiadi e la nuova applicazione ComUnica per far dialogare scuole e famiglie. https://t.co/jN6vYHgHVB
sole24ore;Mon Jul 29 05:46:40 +0000 2024;35;6722;Sulla prima pagina del #Sole24Ore di oggi, luned√¨ #29luglio. #SalvaCasa, le sei sanatorie che decidono costi e procedure. #MilanoCortina, test su cantieri e fondi. #Parigi2024 sfiora l‚Äôobiettivo della #parit√† di genere: le atlete in gara sono il 49%. #buonalettura #primapagina https://t.co/uNDlEXHAnq
